"COCA COLA CO (KO), US$ millions unless stated; fiscal years as labelled by the company; source: SEC EDGAR XBRL (Form 10-K), CIK 0000021344"
Item,FY2016,FY2017,FY2018,FY2019,FY2020,FY2021,FY2022,FY2023,FY2024,FY2025
Fiscal year end,2016-12-31,2017-12-31,2018-12-31,2019-12-31,2020-12-31,2021-12-31,2022-12-31,2023-12-31,2024-12-31,2025-12-31
Revenue,41863.0,36212.0,34300.0,37266.0,33014.0,38655.0,43004.0,45754.0,47061.0,47941.0
Gross profit,25398.0,22491.0,21233.0,22647.0,19581.0,23298.0,25004.0,27234.0,28737.0,29544.0
Research and development,,,,,,,,,,
Operating income,8657.0,7755.0,9152.0,10086.0,8997.0,10308.0,10909.0,11311.0,9992.0,13762.0
Interest expense,733.0,853.0,950.0,946.0,1437.0,1597.0,882.0,1527.0,1656.0,1654.0
Pretax income,8136.0,6890.0,8225.0,10786.0,9749.0,12425.0,11686.0,12952.0,13086.0,15998.0
Income tax,1586.0,5607.0,1749.0,1801.0,1981.0,2621.0,2115.0,2249.0,2437.0,2861.0
Net income,6527.0,1248.0,6434.0,8920.0,7747.0,9771.0,9542.0,10714.0,10631.0,13107.0
Diluted EPS,1.49,0.29,1.5,2.07,1.79,2.25,2.19,2.47,2.46,3.04
Diluted shares,4367.0,4324.0,4299.0,4314.0,4323.0,4340.0,4350.0,4339.0,4320.0,4313.0
Depreciation and amortization,1787.0,1260.0,1086.0,1365.0,1536.0,1452.0,1260.0,1128.0,1075.0,1050.0
Cash from operations,8792.0,7041.0,7627.0,10471.0,9844.0,12625.0,11018.0,11599.0,6805.0,7408.0
Capital expenditure,2262.0,1750.0,1548.0,2054.0,1177.0,1367.0,1484.0,1852.0,2064.0,2112.0
Share buybacks,3681.0,3682.0,1912.0,1103.0,118.0,111.0,1418.0,2289.0,1795.0,746.0
Dividends paid,6043.0,6320.0,6644.0,6845.0,7047.0,7252.0,7616.0,7952.0,8359.0,8779.0
Acquisitions,0.0,0.0,0.0,0.0,0.0,0.0,0.0,0.0,0.0,0.0
Stock-based compensation,258.0,219.0,225.0,201.0,126.0,337.0,356.0,254.0,286.0,279.0
Cash and short-term investments,18150.0,15358.0,11102.0,7947.0,8566.0,10926.0,10562.0,12363.0,12848.0,13872.0
Total debt,45541.0,47411.0,43442.0,42763.0,42793.0,42761.0,39149.0,41716.0,44162.0,45436.0
Finance lease liabilities,0.0,0.0,0.0,0.0,0.0,0.0,0.0,0.0,0.0,0.0
debt_and_leases,45541.0,47411.0,43442.0,42763.0,42793.0,42761.0,39149.0,41716.0,44162.0,45436.0
Current assets,34010.0,36545.0,24930.0,20411.0,19240.0,22545.0,22591.0,26732.0,25997.0,31044.0
Current liabilities,26532.0,27194.0,28782.0,26973.0,14601.0,19950.0,19724.0,23571.0,25249.0,21281.0
Inventory,2675.0,2655.0,3071.0,3379.0,3266.0,3414.0,4233.0,4424.0,4728.0,4425.0
Total assets,87270.0,87896.0,83216.0,86381.0,87296.0,94354.0,92763.0,97703.0,100549.0,104816.0
Total liabilities,64050.0,68919.0,64158.0,65283.0,66012.0,69494.0,66937.0,70223.0,74177.0,70541.0
Shareholders' equity,23062.0,17072.0,16981.0,18981.0,19299.0,22999.0,24105.0,25941.0,24856.0,32169.0
"Property and equipment, net",10635.0,9638.0,9598.0,10838.0,10777.0,9920.0,9841.0,9236.0,10303.0,9613.0
Gross margin (%),60.67,62.11,61.9,60.77,59.31,60.27,58.14,59.52,61.06,61.63
Operating margin (%),20.68,21.42,26.68,27.06,27.25,26.67,25.37,24.72,21.23,28.71
EBITDA margin (%),24.95,24.9,29.85,30.73,31.9,30.42,28.3,27.19,23.52,30.9
Net margin (%),15.59,3.45,18.76,23.94,23.47,25.28,22.19,23.42,22.59,27.34
Free cash flow margin (%),15.6,14.61,17.72,22.59,26.25,29.12,22.17,21.3,10.07,11.05
Return on invested capital (%),13.3,7.63,14.07,15.66,12.87,14.5,16.08,16.8,14.2,18.3
Return on capital employed (%),13.98,12.77,15.9,17.72,13.62,14.02,14.8,15.37,13.37,17.33
Return on equity (%),26.85,6.22,37.79,49.61,40.48,46.2,40.51,42.82,41.86,45.97
Return on assets (%),7.36,1.42,7.52,10.52,8.92,10.76,10.2,11.25,10.72,12.76
Revenue growth (%),-5.49,-13.5,-5.28,8.65,-11.41,17.09,11.25,6.39,2.86,1.87
Net income growth (%),-11.21,-80.88,415.54,38.64,-13.15,26.13,-2.34,12.28,-0.77,23.29
Diluted EPS growth (%),-10.78,-80.54,417.24,38.0,-13.53,25.7,-2.67,12.79,-0.4,23.58
Free cash flow growth (%),-18.12,-18.97,14.89,38.46,2.97,29.9,-15.31,2.23,-51.36,11.71
Net debt to EBITDA (x),2.62,3.56,3.16,3.04,3.25,2.71,2.35,2.36,2.83,2.13
Debt to equity (x),1.97,2.78,2.56,2.25,2.22,1.86,1.62,1.61,1.78,1.41
Interest coverage (x),11.81,9.09,9.63,10.66,6.26,6.45,12.37,7.41,6.03,8.32
Current ratio (x),1.28,1.34,0.87,0.76,1.32,1.13,1.15,1.13,1.03,1.46
Quick ratio (x),1.18,1.25,0.76,0.63,1.09,0.96,0.93,0.95,0.84,1.25
Free cash flow (US$m),6530.0,5291.0,6079.0,8417.0,8667.0,11258.0,9534.0,9747.0,4741.0,5296.0
Capital expenditure to revenue (%),5.4,4.83,4.51,5.51,3.57,3.54,3.45,4.05,4.39,4.41
Buybacks plus dividends (US$m),9724.0,10002.0,8556.0,7948.0,7165.0,7363.0,9034.0,10241.0,10154.0,9525.0
Shareholder returns to free cash flow (%),148.91,189.04,140.75,94.43,82.67,65.4,94.76,105.07,214.17,179.85
Stock-based compensation to revenue (%),0.62,0.6,0.66,0.54,0.38,0.87,0.83,0.56,0.61,0.58
Change in diluted shares (%),-0.86,-0.98,-0.58,0.35,0.21,0.39,0.23,-0.25,-0.44,-0.16
Piotroski F-score (score),6.0,6.0,6.0,6.0,5.0,7.0,6.0,7.0,4.0,7.0
Piotroski tests run (score),9,9,9,9,9,9,9,9,9,9
Altman Z'' (score),4.06,3.82,3.22,3.11,3.87,3.68,3.89,3.86,3.56,4.5
Accruals ratio (%),-2.56,-6.61,-1.39,-1.83,-2.41,-3.14,-1.58,-0.93,3.86,5.55
