"Mastercard Incorporated (MA), US$ millions unless stated; fiscal years as labelled by the company; source: SEC EDGAR XBRL (Form 10-K), CIK 0001141391"
Item,FY2016,FY2017,FY2018,FY2019,FY2020,FY2021,FY2022,FY2023,FY2024,FY2025
Fiscal year end,2016-12-31,2017-12-31,2018-12-31,2019-12-31,2020-12-31,2021-12-31,2022-12-31,2023-12-31,2024-12-31,2025-12-31
Revenue,10776.0,12497.0,14950.0,16883.0,15301.0,18884.0,22237.0,25098.0,28167.0,32791.0
Gross profit,,,,,,,,,,
Research and development,,,,,,,,,,
Operating income,5761.0,6622.0,7282.0,9664.0,8081.0,10082.0,12264.0,14008.0,15582.0,18897.0
Interest expense,95.0,154.0,186.0,224.0,380.0,431.0,471.0,575.0,646.0,722.0
Pretax income,5646.0,6522.0,7204.0,9731.0,7760.0,10307.0,11732.0,13639.0,15254.0,18578.0
Income tax,1587.0,2607.0,1345.0,1613.0,1349.0,1620.0,1802.0,2444.0,2380.0,3610.0
Net income,4059.0,3915.0,5859.0,8118.0,6411.0,8687.0,9930.0,11195.0,12874.0,14968.0
Diluted EPS,3.69,3.65,5.6,7.94,6.37,8.76,10.22,11.83,13.89,16.52
Diluted shares,1101.0,1072.0,1047.0,1022.0,1006.0,992.0,971.0,946.0,927.0,906.0
Depreciation and amortization,373.0,436.0,459.0,522.0,580.0,726.0,750.0,799.0,897.0,1143.0
Cash from operations,4637.0,5664.0,6223.0,8183.0,7224.0,9463.0,11195.0,11980.0,14780.0,17648.0
Capital expenditure,215.0,300.0,330.0,422.0,339.0,407.0,442.0,371.0,474.0,489.0
Share buybacks,3511.0,3762.0,4933.0,6497.0,4473.0,5904.0,8753.0,9032.0,10954.0,11727.0
Dividends paid,837.0,942.0,1044.0,1345.0,1605.0,1741.0,1903.0,2158.0,2448.0,2756.0
Acquisitions,0.0,1175.0,0.0,1440.0,989.0,4436.0,313.0,0.0,2511.0,0.0
Stock-based compensation,149.0,176.0,196.0,250.0,254.0,273.0,295.0,460.0,526.0,597.0
Cash and short-term investments,6721.0,5933.0,6682.0,6988.0,10113.0,7421.0,7008.0,8588.0,8442.0,10566.0
Total debt,5180.0,5424.0,6334.0,8527.0,12672.0,13901.0,14023.0,15681.0,18226.0,19000.0
Finance lease liabilities,0.0,0.0,0.0,0.0,0.0,0.0,0.0,0.0,0.0,0.0
debt_and_leases,5180.0,5424.0,6334.0,8527.0,12672.0,13901.0,14023.0,15681.0,18226.0,19000.0
Current assets,13228.0,13797.0,16171.0,16902.0,19113.0,16949.0,16606.0,18961.0,19724.0,23558.0
Current liabilities,7206.0,8793.0,11593.0,11904.0,11847.0,13162.0,14171.0,16264.0,19220.0,22762.0
Inventory,0.0,0.0,0.0,0.0,0.0,0.0,0.0,0.0,0.0,0.0
Total assets,18675.0,21329.0,24860.0,29236.0,33584.0,37669.0,38724.0,42448.0,48081.0,54157.0
Total liabilities,12991.0,15761.0,19371.0,23245.0,27067.0,30257.0,32347.0,35451.0,41566.0,46411.0
Shareholders' equity,5656.0,5468.0,5395.0,5893.0,6391.0,7312.0,6298.0,6929.0,6485.0,7737.0
"Property and equipment, net",733.0,829.0,921.0,1828.0,1902.0,1907.0,2006.0,2061.0,2138.0,2303.0
Gross margin (%),,,,,,,,,,
Operating margin (%),53.46,52.99,48.71,57.24,52.81,53.39,55.15,55.81,55.32,57.63
EBITDA margin (%),56.92,56.48,51.78,60.33,56.6,57.23,58.52,59.0,58.5,61.11
Net margin (%),37.67,31.33,39.19,48.08,41.9,46.0,44.66,44.61,45.71,45.65
Free cash flow margin (%),41.04,42.92,39.42,45.97,45.0,47.96,48.36,46.25,50.79,52.33
Return on invested capital (%),107.21,87.07,117.77,128.73,80.91,74.18,76.23,83.81,86.61,93.75
Return on capital employed (%),53.72,55.17,56.44,63.17,41.37,43.6,50.0,55.22,56.62,62.72
Return on equity (%),69.48,70.39,107.87,143.83,104.38,126.79,145.92,169.27,191.95,210.49
Return on assets (%),23.24,19.57,25.37,30.01,20.41,24.38,26.0,27.58,28.44,29.28
Revenue growth (%),11.47,15.97,19.63,12.93,-9.37,23.42,17.76,12.87,12.23,16.42
Net income growth (%),6.59,-3.55,49.66,38.56,-21.03,35.5,14.31,12.74,15.0,16.27
Diluted EPS growth (%),10.15,-1.08,53.42,41.79,-19.77,37.52,16.67,15.75,17.41,18.93
Free cash flow growth (%),12.69,21.3,9.86,31.7,-11.29,31.53,18.74,7.96,23.23,19.94
Net debt to EBITDA (x),-0.25,-0.07,-0.04,0.15,0.3,0.6,0.54,0.48,0.59,0.42
Debt to equity (x),0.92,0.99,1.17,1.45,1.98,1.9,2.23,2.26,2.81,2.46
Interest coverage (x),60.64,43.0,39.15,43.14,21.27,23.39,26.04,24.36,24.12,26.17
Current ratio (x),1.84,1.57,1.39,1.42,1.61,1.29,1.17,1.17,1.03,1.03
Quick ratio (x),1.84,1.57,1.39,1.42,1.61,1.29,1.17,1.17,1.03,1.03
Free cash flow (US$m),4422.0,5364.0,5893.0,7761.0,6885.0,9056.0,10753.0,11609.0,14306.0,17159.0
Capital expenditure to revenue (%),2.0,2.4,2.21,2.5,2.22,2.16,1.99,1.48,1.68,1.49
Buybacks plus dividends (US$m),4348.0,4704.0,5977.0,7842.0,6078.0,7645.0,10656.0,11190.0,13402.0,14483.0
Shareholder returns to free cash flow (%),98.33,87.7,101.43,101.04,88.28,84.42,99.1,96.39,93.68,84.4
Stock-based compensation to revenue (%),1.38,1.41,1.31,1.48,1.66,1.45,1.33,1.83,1.87,1.82
Change in diluted shares (%),-3.17,-2.63,-2.33,-2.39,-1.57,-1.39,-2.12,-2.57,-2.01,-2.27
Piotroski F-score (score),7.0,6.0,6.0,6.0,5.0,7.0,7.0,6.0,6.0,8.0
Piotroski tests run (score),8,8,8,8,8,8,8,8,8,8
Altman Z'' (score),8.04,7.41,7.05,7.4,7.05,6.66,7.26,7.65,7.35,7.74
Accruals ratio (%),-3.31,-8.74,-1.58,-0.24,-2.59,-2.18,-3.31,-1.93,-4.21,-5.24
