"INGREDION INCORPORATED (INGR), US$ millions unless stated; fiscal years as labelled by the company; source: SEC EDGAR XBRL (Form 10-K), CIK 0001046257"
Item,FY2016,FY2017,FY2018,FY2019,FY2020,FY2021,FY2022,FY2023,FY2024,FY2025
Fiscal year end,2016-12-31,2017-12-31,2018-12-31,2019-12-31,2020-12-31,2021-12-31,2022-12-31,2023-12-31,2024-12-31,2025-12-31
Revenue,5704.0,6244.0,6289.0,6209.0,5987.0,6894.0,7946.0,8160.0,7430.0,7219.0
Gross profit,1401.0,1472.0,1368.0,1312.0,1272.0,1331.0,1494.0,1749.0,1791.0,1828.0
Research and development,,,,44.0,43.0,43.0,52.0,63.0,67.0,71.0
Operating income,806.0,836.0,703.0,664.0,582.0,310.0,762.0,957.0,883.0,1016.0
Interest expense,59.0,77.0,73.0,80.0,78.0,72.0,82.0,96.0,48.0,37.0
Pretax income,742.0,769.0,621.0,582.0,506.0,248.0,668.0,839.0,931.0,974.0
Income tax,246.0,237.0,167.0,158.0,152.0,123.0,166.0,188.0,277.0,238.0
Net income,485.0,519.0,443.0,413.0,348.0,117.0,492.0,643.0,647.0,729.0
Diluted EPS,6.55,7.06,6.17,6.13,5.15,1.73,7.34,9.6,9.71,11.18
Diluted shares,74.1,73.5,71.8,67.4,67.6,67.8,67.0,67.0,66.6,65.2
Depreciation and amortization,196.0,209.0,247.0,220.0,213.0,220.0,215.0,219.0,214.0,222.0
Cash from operations,771.0,769.0,703.0,680.0,829.0,392.0,152.0,1057.0,1436.0,944.0
Capital expenditure,284.0,314.0,350.0,328.0,340.0,300.0,300.0,314.0,295.0,433.0
Share buybacks,8.0,123.0,0.0,0.0,0.0,0.0,0.0,0.0,0.0,0.0
Dividends paid,141.0,165.0,182.0,174.0,178.0,184.0,181.0,194.0,210.0,211.0
Acquisitions,407.0,17.0,0.0,42.0,236.0,40.0,29.0,0.0,0.0,0.0
Stock-based compensation,28.0,26.0,21.0,18.0,23.0,23.0,29.0,33.0,37.0,40.0
Cash and short-term investments,516.0,604.0,334.0,268.0,665.0,332.0,239.0,409.0,1008.0,1033.0
Total debt,2062.0,1864.0,2100.0,1848.0,1806.0,1738.0,1940.0,1740.0,1787.0,1742.0
Finance lease liabilities,0.0,0.0,0.0,0.0,0.0,0.0,0.0,0.0,0.0,0.0
debt_and_leases,2062.0,1864.0,2100.0,1848.0,1806.0,1738.0,1940.0,1740.0,1787.0,1742.0
Current assets,2252.0,2415.0,2138.0,2160.0,2647.0,2697.0,3309.0,3399.0,3355.0,3505.0
Current liabilities,978.0,957.0,946.0,967.0,1458.0,1512.0,1882.0,1772.0,1281.0,1316.0
Inventory,789.0,823.0,824.0,861.0,917.0,1172.0,1597.0,1450.0,1187.0,1227.0
Total assets,5782.0,6080.0,5728.0,6040.0,6858.0,6999.0,7561.0,7642.0,7444.0,7897.0
Total liabilities,3187.0,3163.0,3320.0,3268.0,3786.0,3774.0,4299.0,3992.0,3554.0,3531.0
Shareholders' equity,2565.0,2891.0,2388.0,2720.0,2951.0,3100.0,3147.0,3538.0,3804.0,4274.0
"Property and equipment, net",2116.0,2217.0,2198.0,2306.0,2455.0,2423.0,2407.0,2370.0,2264.0,2526.0
Gross margin (%),24.56,23.57,21.75,21.13,21.25,19.31,18.8,21.43,24.1,25.32
Operating margin (%),14.13,13.39,11.18,10.69,9.72,4.5,9.59,11.73,11.88,14.07
EBITDA margin (%),17.57,16.74,15.11,14.24,13.28,7.69,12.3,14.41,14.76,17.15
Net margin (%),8.5,8.31,7.04,6.65,5.81,1.7,6.19,7.88,8.71,10.1
Free cash flow margin (%),8.54,7.29,5.61,5.67,8.17,1.33,-1.86,9.11,15.36,7.08
Return on capital (%),13.96,13.91,12.31,11.39,9.66,3.62,12.2,15.24,13.08,15.98
Return on capital employed (%),17.64,16.84,14.19,13.48,11.11,5.69,13.65,16.57,14.68,15.94
Return on equity (%),20.6,19.02,16.78,16.17,12.27,3.87,15.75,19.24,17.62,18.05
Return on assets (%),8.94,8.75,7.5,7.02,5.4,1.69,6.76,8.46,8.58,9.5
Revenue growth (%),1.48,9.47,0.72,-1.27,-3.58,15.15,15.26,2.69,-8.95,-2.84
Net income growth (%),20.65,7.01,-14.64,-6.77,-15.74,-66.38,320.51,30.69,0.62,12.67
Diluted EPS growth (%),18.87,7.79,-12.61,-0.65,-15.99,-66.41,324.28,30.79,1.15,15.14
Free cash flow growth (%),19.95,-6.57,-22.42,-0.28,38.92,-81.19,-260.87,,53.57,-55.21
Net debt to EBITDA (x),1.54,1.21,1.86,1.79,1.44,2.65,1.74,1.13,0.71,0.57
Debt to equity (x),0.8,0.64,0.88,0.68,0.61,0.56,0.62,0.49,0.47,0.41
Interest coverage (x),13.66,10.86,9.63,8.3,7.46,4.31,9.29,9.97,18.4,27.46
Current ratio (x),2.3,2.52,2.26,2.23,1.82,1.78,1.76,1.92,2.62,2.66
Quick ratio (x),1.5,1.66,1.39,1.34,1.19,1.01,0.91,1.1,1.69,1.73
Free cash flow (US$m),487.0,455.0,353.0,352.0,489.0,92.0,-148.0,743.0,1141.0,511.0
Capital expenditure to revenue (%),4.98,5.03,5.57,5.28,5.68,4.35,3.78,3.85,3.97,6.0
Buybacks plus dividends (US$m),149.0,288.0,182.0,174.0,178.0,184.0,181.0,194.0,210.0,211.0
Shareholder returns to free cash flow (%),30.6,63.3,51.56,49.43,36.4,200.0,,26.11,18.4,41.29
Stock-based compensation to revenue (%),0.49,0.42,0.33,0.29,0.38,0.33,0.36,0.4,0.5,0.55
Change in diluted shares (%),1.51,-0.81,-2.31,-6.13,0.3,0.3,-1.18,0.0,-0.6,-2.1
Piotroski F-score (score),6.0,6.0,4.0,6.0,5.0,5.0,5.0,8.0,6.0,8.0
Piotroski tests run (score),9,9,9,9,9,9,9,9,9,9
Altman Z'' (score),4.87,5.21,4.96,4.96,4.41,4.09,4.5,5.16,5.98,6.28
Accruals ratio (%),-5.27,-4.22,-4.4,-4.54,-7.46,-3.97,4.67,-5.45,-10.46,-2.8
