"ServiceNow, Inc. (NOW), US$ millions unless stated; fiscal years as labelled by the company; source: SEC EDGAR XBRL (Form 10-K), CIK 0001373715"
Item,FY2016,FY2017,FY2018,FY2019,FY2020,FY2021,FY2022,FY2023,FY2024,FY2025
Fiscal year end,2016-12-31,2017-12-31,2018-12-31,2019-12-31,2020-12-31,2021-12-31,2022-12-31,2023-12-31,2024-12-31,2025-12-31
Revenue,1390.5,1933.0,2608.8,3460.0,4519.0,5896.0,7245.0,8971.0,10984.0,13278.0
Gross profit,992.0,1418.6,1986.2,2664.0,3532.0,4543.0,5672.0,7050.0,8697.0,10295.0
Research and development,285.2,377.5,529.5,749.0,1024.0,1397.0,1768.0,2124.0,2543.0,2960.0
Operating income,-382.2,-64.4,-42.4,42.0,199.0,257.0,355.0,762.0,1364.0,1824.0
Interest expense,33.3,53.4,52.7,33.0,33.0,28.0,27.0,23.0,23.0,22.0
Pretax income,-410.4,-113.4,-39.0,67.0,150.0,249.0,399.0,1008.0,1738.0,2261.0
Income tax,3.8,3.4,-12.3,-560.0,31.0,19.0,74.0,-723.0,313.0,513.0
Net income,-414.2,-116.8,-26.7,626.7,119.0,230.0,325.0,1731.0,1425.0,1748.0
Diluted EPS,-0.5,-0.14,-0.03,0.64,0.12,0.23,0.32,1.68,1.37,1.67
Diluted shares,822.7,855.9,889.2,986.1,1012.4,1015.8,1017.7,1028.0,1042.1,1046.7
Depreciation and amortization,83.1,113.9,149.6,252.0,336.0,472.0,433.0,562.0,564.0,738.0
Cash from operations,159.1,642.9,811.1,1236.0,1786.0,2191.0,2723.0,3398.0,4267.0,5444.0
Capital expenditure,105.6,150.5,224.5,265.0,419.0,392.0,550.0,694.0,852.0,868.0
Share buybacks,0.0,55.0,0.0,0.0,0.0,0.0,0.0,538.0,696.0,1840.0
Dividends paid,0.0,0.0,0.0,0.0,0.0,0.0,0.0,0.0,0.0,0.0
Acquisitions,34.3,58.2,37.4,7.0,107.0,785.0,91.0,279.0,113.0,1084.0
Stock-based compensation,317.7,394.0,544.0,662.0,870.0,1131.0,1401.0,1604.0,1746.0,1955.0
Cash and short-term investments,401.2,1779.3,1497.9,1691.3,3092.0,3304.0,4280.0,4877.0,5762.0,6284.0
Total debt,507.8,630.0,661.7,695.0,1640.0,1576.0,1486.0,1488.0,1489.0,1491.0
Finance lease liabilities,0.0,0.0,0.0,0.0,0.0,0.0,0.0,0.0,0.0,0.0
debt_and_leases,507.8,630.0,661.7,695.0,1640.0,1576.0,1486.0,1488.0,1489.0,1491.0
Current assets,1342.5,2422.0,2344.7,2826.9,4522.0,5220.0,6654.0,7777.0,9187.0,10471.0
Current liabilities,1071.5,2039.5,2012.6,2752.8,3737.0,4949.0,6005.0,7365.0,8358.0,10443.0
Inventory,0.0,0.0,0.0,0.0,0.0,0.0,0.0,0.0,0.0,0.0
Total assets,2033.8,3550.2,3879.1,6022.4,8715.0,10798.0,13299.0,17387.0,20383.0,26038.0
Total liabilities,1646.8,2771.5,2767.9,3894.5,5881.0,7103.0,8267.0,9759.0,10774.0,13074.0
Shareholders' equity,541.1,778.7,1110.0,2127.0,2834.0,3695.0,5032.0,7628.0,9609.0,12964.0
"Property and equipment, net",181.6,245.1,347.2,468.1,660.0,766.0,1053.0,1358.0,1763.0,2289.0
Gross margin (%),71.34,73.39,76.13,76.99,78.16,77.05,78.29,78.59,79.18,77.53
Operating margin (%),-27.48,-3.33,-1.63,1.21,4.4,4.36,4.9,8.49,12.42,13.74
EBITDA margin (%),-21.51,2.56,4.11,8.5,11.84,12.36,10.88,14.76,17.55,19.3
Net margin (%),-29.79,-6.04,-1.02,18.11,2.63,3.9,4.49,19.3,12.97,13.16
Free cash flow margin (%),3.85,25.47,22.49,28.06,30.25,30.51,29.99,30.14,31.09,34.46
Return on invested capital (%),-47.3,,,5.98,12.57,14.18,13.75,23.53,23.36,20.88
Return on capital employed (%),-37.51,-5.21,-2.51,1.64,4.83,4.75,5.4,8.8,12.37,13.21
Return on equity (%),-74.78,-17.71,-2.83,38.72,4.8,7.05,7.45,27.35,16.53,15.49
Return on assets (%),-21.57,-4.19,-0.72,12.66,1.61,2.36,2.7,11.28,7.55,7.53
Revenue growth (%),38.29,39.02,34.96,32.63,30.61,30.47,22.88,23.82,22.44,20.88
Net income growth (%),,,,,-81.01,93.28,41.3,432.62,-17.68,22.67
Diluted EPS growth (%),,,,,-81.45,91.53,41.59,425.0,-18.45,21.9
Free cash flow growth (%),-76.76,820.1,19.13,65.52,40.78,31.6,20.79,24.44,26.29,34.0
Net debt to EBITDA (x),,-23.23,-7.8,-3.39,-2.71,-2.37,-3.55,-2.56,-2.22,-1.87
Debt to equity (x),0.94,0.81,0.6,0.33,0.58,0.43,0.3,0.2,0.15,0.12
Interest coverage (x),-11.48,-1.21,-0.8,1.27,6.03,9.18,13.15,33.13,59.3,82.91
Current ratio (x),1.25,1.19,1.17,1.03,1.21,1.05,1.11,1.06,1.1,1.0
Quick ratio (x),1.25,1.19,1.17,1.03,1.21,1.05,1.11,1.06,1.1,1.0
Free cash flow (US$m),53.52,492.43,586.63,971.0,1367.0,1799.0,2173.0,2704.0,3415.0,4576.0
Capital expenditure to revenue (%),7.59,7.79,8.6,7.66,9.27,6.65,7.59,7.74,7.76,6.54
Buybacks plus dividends (US$m),0.0,55.0,0.0,0.0,0.0,0.0,0.0,538.0,696.0,1840.0
Shareholder returns to free cash flow (%),0.0,11.17,0.0,0.0,0.0,0.0,0.0,19.9,20.38,40.21
Stock-based compensation to revenue (%),22.84,20.38,20.85,19.13,19.25,19.18,19.34,17.88,15.9,14.72
Change in diluted shares (%),5.67,4.04,3.9,10.9,2.66,0.34,0.18,1.01,1.38,0.44
Piotroski F-score (score),5.0,6.0,5.0,7.0,5.0,5.0,7.0,7.0,6.0,6.0
Piotroski tests run (score),9,9,9,9,9,9,9,9,9,9
Altman Z'' (score),-1.64,-0.0,0.09,0.51,1.16,0.87,1.22,1.66,2.21,2.18
Accruals ratio (%),-29.85,-27.21,-22.55,-12.31,-22.62,-20.1,-19.9,-10.86,-15.05,-15.92
