"Xylem Inc. (XYL), US$ millions unless stated; fiscal years as labelled by the company; source: SEC EDGAR XBRL (Form 10-K), CIK 0001524472"
Item,FY2016,FY2017,FY2018,FY2019,FY2020,FY2021,FY2022,FY2023,FY2024,FY2025
Fiscal year end,2016-12-31,2017-12-31,2018-12-31,2019-12-31,2020-12-31,2021-12-31,2022-12-31,2023-12-31,2024-12-31,2025-12-31
Revenue,3771.0,4707.0,5207.0,5249.0,4876.0,5195.0,5522.0,7364.0,8562.0,9035.0
Gross profit,1462.0,1847.0,2026.0,2046.0,1830.0,1975.0,2084.0,2717.0,3212.0,3475.0
Research and development,110.0,181.0,189.0,191.0,187.0,204.0,206.0,232.0,230.0,226.0
Operating income,408.0,552.0,654.0,486.0,367.0,585.0,622.0,652.0,1009.0,1223.0
Interest expense,70.0,82.0,82.0,67.0,77.0,76.0,50.0,49.0,44.0,29.0
Pretax income,340.0,466.0,585.0,416.0,285.0,511.0,440.0,635.0,1087.0,1181.0
Income tax,80.0,136.0,36.0,15.0,31.0,84.0,85.0,26.0,197.0,231.0
Net income,260.0,331.0,549.0,401.0,254.0,427.0,355.0,609.0,890.0,957.0
Diluted EPS,1.45,1.83,3.03,2.21,1.4,2.35,1.96,2.79,3.65,3.92
Diluted shares,180.0,180.9,181.1,181.2,181.1,181.5,181.0,218.2,243.5,244.0
Depreciation and amortization,151.0,234.0,261.0,257.0,251.0,245.0,236.0,436.0,562.0,575.0
Cash from operations,497.0,686.0,586.0,839.0,824.0,538.0,596.0,837.0,1263.0,1241.0
Capital expenditure,124.0,170.0,237.0,226.0,183.0,208.0,208.0,271.0,321.0,331.0
Share buybacks,4.0,25.0,59.0,40.0,61.0,68.0,52.0,25.0,20.0,15.0
Dividends paid,112.0,130.0,152.0,174.0,188.0,203.0,217.0,299.0,350.0,391.0
Acquisitions,1782.0,33.0,433.0,18.0,0.0,0.0,0.0,476.0,193.0,163.0
Stock-based compensation,18.0,21.0,30.0,29.0,26.0,33.0,37.0,60.0,56.0,53.0
Cash and short-term investments,308.0,414.0,296.0,724.0,1875.0,1349.0,944.0,1019.0,1121.0,1479.0
Total debt,2368.0,2200.0,2308.0,2316.0,3084.0,2440.0,1880.0,2284.0,2069.0,2488.0
Finance lease liabilities,0.0,0.0,0.0,0.0,0.0,0.0,25.0,86.0,103.0,125.0
debt_and_leases,2368.0,2200.0,2308.0,2316.0,3084.0,2440.0,1905.0,2370.0,2172.0,2613.0
Current assets,1839.0,2071.0,2094.0,2450.0,3523.0,3160.0,3012.0,3884.0,4098.0,4641.0
Current liabilities,1238.0,1100.0,1389.0,1501.0,1956.0,1391.0,1590.0,2205.0,2336.0,2856.0
Inventory,522.0,524.0,595.0,539.0,558.0,700.0,799.0,1018.0,996.0,983.0
Total assets,6474.0,6860.0,7222.0,7710.0,8750.0,8276.0,7952.0,16112.0,16493.0,17634.0
Total liabilities,4267.0,4341.0,4440.0,4743.0,5774.0,5050.0,4449.0,5936.0,5611.0,5885.0
Shareholders' equity,2190.0,2503.0,2768.0,2957.0,2968.0,3218.0,3494.0,10166.0,10642.0,11480.0
"Property and equipment, net",616.0,643.0,656.0,658.0,657.0,644.0,630.0,1169.0,1152.0,1159.0
Gross margin (%),38.77,39.24,38.91,38.98,37.53,38.02,37.74,36.9,37.51,38.46
Operating margin (%),10.82,11.73,12.56,9.26,7.53,11.26,11.26,8.85,11.78,13.54
EBITDA margin (%),14.82,16.7,17.57,14.16,12.67,15.98,15.54,14.77,18.35,19.9
Net margin (%),6.89,7.03,10.54,7.64,5.21,8.22,6.43,8.27,10.39,10.59
Free cash flow margin (%),9.89,10.96,6.7,11.68,13.15,6.35,7.03,7.69,11.0,10.07
Return on capital (%),8.98,9.12,13.49,10.02,7.48,11.5,11.43,7.82,7.11,8.09
Return on capital employed (%),9.0,10.04,11.28,8.07,5.64,8.55,9.39,6.43,7.19,8.45
Return on equity (%),12.17,14.11,20.83,14.01,8.57,13.81,10.58,8.92,8.55,8.65
Return on assets (%),4.67,4.96,7.8,5.37,3.09,5.02,4.38,5.06,5.46,5.61
Revenue growth (%),3.23,24.82,10.62,0.81,-7.11,6.54,6.29,33.36,16.27,5.52
Net income growth (%),-23.53,27.31,65.86,-26.96,-36.66,68.11,-16.86,71.55,46.14,7.53
Diluted EPS growth (%),-22.46,26.21,65.57,-27.06,-36.65,67.86,-16.6,42.35,30.82,7.4
Free cash flow growth (%),7.49,38.34,-32.36,75.64,4.57,-48.52,17.58,45.88,66.43,-3.4
Net debt to EBITDA (x),3.69,2.27,2.2,2.14,1.96,1.31,1.12,1.24,0.67,0.63
Debt to equity (x),1.08,0.88,0.83,0.78,1.04,0.76,0.55,0.23,0.2,0.23
Interest coverage (x),5.83,6.73,7.98,7.25,4.77,7.7,12.44,13.31,22.93,42.17
Current ratio (x),1.49,1.88,1.51,1.63,1.8,2.27,1.89,1.76,1.75,1.62
Quick ratio (x),1.06,1.41,1.08,1.27,1.52,1.77,1.39,1.3,1.33,1.28
Free cash flow (US$m),373.0,516.0,349.0,613.0,641.0,330.0,388.0,566.0,942.0,910.0
Capital expenditure to revenue (%),3.29,3.61,4.55,4.31,3.75,4.0,3.77,3.68,3.75,3.66
Buybacks plus dividends (US$m),116.0,155.0,211.0,214.0,249.0,271.0,269.0,324.0,370.0,406.0
Shareholder returns to free cash flow (%),31.1,30.04,60.46,34.91,38.85,82.12,69.33,57.24,39.28,44.62
Stock-based compensation to revenue (%),0.48,0.45,0.58,0.55,0.53,0.64,0.67,0.81,0.65,0.59
Change in diluted shares (%),-0.93,0.45,0.15,0.04,-0.05,0.24,-0.3,20.56,11.61,0.19
Piotroski F-score (score),6.0,6.0,6.0,6.0,5.0,7.0,6.0,6.0,5.0,6.0
Piotroski tests run (score),9,9,9,9,9,9,9,9,9,9
Altman Z'' (score),2.1,2.66,2.65,2.68,2.72,3.4,3.47,3.28,3.72,3.87
Accruals ratio (%),-4.26,-5.32,-0.53,-5.87,-6.93,-1.3,-2.97,-1.89,-2.29,-1.66
