"Merck & Co., Inc. (MRK), US$ millions unless stated; fiscal years as labelled by the company; source: SEC EDGAR XBRL (Form 10-K), CIK 0000310158"
Item,FY2016,FY2017,FY2018,FY2019,FY2020,FY2021,FY2022,FY2023,FY2024,FY2025
Fiscal year end,2016-12-31,2017-12-31,2018-12-31,2019-12-31,2020-12-31,2021-12-31,2022-12-31,2023-12-31,2024-12-31,2025-12-31
Revenue,39807.0,40122.0,42294.0,39121.0,41518.0,48704.0,59283.0,60115.0,64168.0,65011.0
Gross profit,25777.0,27210.0,28785.0,27105.0,27900.0,35078.0,41872.0,43989.0,48975.0,48629.0
Research and development,10261.0,10339.0,9752.0,9724.0,13397.0,12245.0,13548.0,30531.0,17938.0,15789.0
Operating income,,,,,,,,,,
Interest expense,693.0,754.0,772.0,893.0,831.0,806.0,962.0,1146.0,1271.0,1357.0
Pretax income,4659.0,6521.0,8701.0,7171.0,5863.0,13879.0,16444.0,1889.0,19936.0,21067.0
Income tax,718.0,4103.0,2508.0,1565.0,1340.0,1521.0,1918.0,1512.0,2803.0,2804.0
Net income,3920.0,2394.0,6220.0,9843.0,7067.0,13049.0,14519.0,365.0,17117.0,18254.0
Diluted EPS,1.41,0.87,2.32,3.81,2.78,5.14,5.71,0.14,6.74,7.28
Diluted shares,2787.0,2748.0,2679.0,2580.0,2541.0,2538.0,2542.0,2547.0,2541.0,2507.0
Depreciation and amortization,5471.0,4676.0,4519.0,3652.0,3469.0,3178.0,3924.0,3828.0,4504.0,5845.0
Cash from operations,10376.0,6451.0,10922.0,13440.0,10253.0,13122.0,19095.0,13006.0,21468.0,16472.0
Capital expenditure,1614.0,1888.0,2615.0,3369.0,4429.0,4448.0,4388.0,3863.0,3372.0,4112.0
Share buybacks,3434.0,4014.0,9091.0,4780.0,1281.0,840.0,0.0,1346.0,1306.0,5084.0
Dividends paid,5124.0,5167.0,5172.0,5695.0,6215.0,6610.0,7012.0,7445.0,7840.0,8176.0
Acquisitions,780.0,396.0,431.0,294.0,1365.0,179.0,0.0,0.0,0.0,10042.0
Stock-based compensation,300.0,312.0,348.0,388.0,441.0,479.0,541.0,645.0,761.0,820.0
Cash and short-term investments,14341.0,8498.0,8864.0,10450.0,8050.0,8096.0,13192.0,7093.0,13689.0,14565.0
Total debt,24574.0,24353.0,,24636.0,27660.0,32990.0,30445.0,34983.0,36962.0,49050.0
Finance lease liabilities,0.0,0.0,0.0,0.0,0.0,0.0,0.0,0.0,0.0,0.0
debt_and_leases,24574.0,24353.0,,24636.0,27660.0,32990.0,30445.0,34983.0,36962.0,49050.0
Current assets,30614.0,24766.0,25875.0,27483.0,27764.0,30266.0,35722.0,32168.0,38782.0,43516.0
Current liabilities,17204.0,18614.0,22206.0,22220.0,27327.0,23872.0,24239.0,25694.0,28420.0,28327.0
Inventory,4866.0,5096.0,5440.0,5978.0,5554.0,5953.0,5911.0,6358.0,6109.0,6658.0
Total assets,95377.0,87872.0,82637.0,84397.0,91588.0,105694.0,109160.0,106675.0,117106.0,136866.0
Total liabilities,55069.0,53303.0,55755.0,58396.0,66184.0,67437.0,63102.0,69040.0,70734.0,84204.0
Shareholders' equity,40088.0,34336.0,26701.0,25907.0,25317.0,38184.0,45991.0,37581.0,46313.0,52606.0
"Property and equipment, net",12026.0,12439.0,13291.0,14297.0,17000.0,19279.0,21422.0,23051.0,23779.0,25316.0
Gross margin (%),64.75,67.82,68.06,69.29,67.2,72.02,70.63,73.17,76.32,74.8
Operating margin (%),,,,,,,,,,
EBITDA margin (%),27.19,29.79,33.08,29.95,24.48,36.68,35.98,11.42,40.07,43.48
Net margin (%),9.85,5.97,14.71,25.16,17.02,26.79,24.49,0.61,26.68,28.08
Free cash flow margin (%),22.01,11.37,19.64,25.74,14.03,17.81,24.81,15.21,28.2,19.01
Return on invested capital (%),8.38,7.21,,,12.12,24.18,24.32,2.36,26.97,24.8
Return on capital employed (%),6.66,9.87,14.61,13.15,10.59,20.11,20.88,3.66,25.0,22.74
Return on equity (%),9.25,6.43,20.38,37.42,27.59,41.1,34.5,0.87,40.81,36.91
Return on assets (%),3.98,2.61,7.3,11.79,8.03,13.23,13.52,0.34,15.3,14.37
Revenue growth (%),0.78,0.79,5.41,-7.5,6.13,17.31,21.72,1.4,6.74,1.31
Net income growth (%),-11.75,-38.93,159.82,58.25,-28.2,84.65,11.27,-97.49,4589.59,6.64
Diluted EPS growth (%),-9.62,-38.3,166.67,64.22,-27.03,84.89,11.09,-97.55,4714.29,8.01
Free cash flow growth (%),-22.15,-47.92,82.05,21.24,-42.17,48.94,69.55,-37.83,97.92,-31.7
Net debt to EBITDA (x),0.95,1.33,,1.21,1.93,1.39,0.81,4.06,0.91,1.22
Debt to equity (x),0.61,0.71,,0.95,1.09,0.86,0.66,0.93,0.8,0.93
Interest coverage (x),7.72,9.65,12.27,9.03,8.06,18.22,18.09,2.65,16.69,16.52
Current ratio (x),1.78,1.33,1.17,1.24,1.02,1.27,1.47,1.25,1.36,1.54
Quick ratio (x),1.5,1.06,0.92,0.97,0.81,1.02,1.23,1.0,1.15,1.3
Free cash flow (US$m),8762.0,4563.0,8307.0,10071.0,5824.0,8674.0,14707.0,9143.0,18096.0,12360.0
Capital expenditure to revenue (%),4.05,4.71,6.18,8.61,10.67,9.13,7.4,6.43,5.25,6.33
Buybacks plus dividends (US$m),8558.0,9181.0,14263.0,10475.0,7496.0,7450.0,7012.0,8791.0,9146.0,13260.0
Shareholder returns to free cash flow (%),97.67,201.21,171.7,104.01,128.71,85.89,47.68,96.15,50.54,107.28
Stock-based compensation to revenue (%),0.75,0.78,0.82,0.99,1.06,0.98,0.91,1.07,1.19,1.26
Change in diluted shares (%),-1.9,-1.4,-2.51,-3.7,-1.51,-0.12,0.16,0.2,-0.24,-1.34
Piotroski F-score (score),7.0,6.0,,,5.0,8.0,6.0,4.0,8.0,4.0
Piotroski tests run (score),9,9,,,9,9,9,9,9,9
Altman Z'' (score),3.58,3.23,3.25,3.32,2.61,3.58,4.35,2.81,4.24,4.23
Accruals ratio (%),-6.55,-4.43,-5.52,-4.31,-3.62,-0.07,-4.26,-11.71,-3.89,1.4
