"MAPLEBEAR INC. (CART), US$ millions unless stated; fiscal years as labelled by the company; source: SEC EDGAR XBRL (Form 10-K), CIK 0001579091"
Item,FY2021,FY2022,FY2023,FY2024,FY2025
Fiscal year end,2021-12-31,2022-12-31,2023-12-31,2024-12-31,2025-12-31
Revenue,1834.0,2551.0,3042.0,3378.0,3742.0
Gross profit,1226.0,1831.0,2278.0,2542.0,2758.0
Research and development,368.0,518.0,2312.0,604.0,650.0
Operating income,-86.0,62.0,-2142.0,489.0,498.0
Interest expense,,,,,
Pretax income,-72.0,71.0,-2061.0,552.0,556.0
Income tax,1.0,-357.0,-439.0,95.0,109.0
Net income,-73.0,428.0,-1622.0,457.0,447.0
Diluted EPS,-1.12,0.96,-12.43,1.58,1.6
Diluted shares,65.9,101.5,130.6,289.2,279.6
Depreciation and amortization,16.0,34.0,43.0,56.0,91.0
Cash from operations,-204.0,277.0,586.0,687.0,971.0
Capital expenditure,13.0,24.0,54.0,64.0,61.0
Share buybacks,0.0,0.0,36.0,1402.0,1386.0
Dividends paid,0.0,0.0,0.0,0.0,0.0
Acquisitions,54.0,93.0,0.0,0.0,106.0
Stock-based compensation,22.0,33.0,2756.0,300.0,352.0
Cash and short-term investments,1146.0,1714.0,2186.0,1369.0,687.0
Total debt,0.0,0.0,0.0,0.0,0.0
Finance lease liabilities,0.0,0.0,0.0,0.0,0.0
debt_and_leases,0.0,0.0,0.0,0.0,0.0
Current assets,,2740.0,3305.0,2697.0,2199.0
Current liabilities,,795.0,733.0,798.0,917.0
Inventory,0.0,0.0,0.0,0.0,0.0
Total assets,,3669.0,4727.0,4115.0,3687.0
Total liabilities,,911.0,800.0,836.0,974.0
Shareholders' equity,-573.0,-64.0,3750.0,3093.0,2518.0
"Property and equipment, net",,38.0,135.0,200.0,218.0
Gross margin (%),66.85,71.78,74.88,75.25,73.7
Operating margin (%),-4.69,2.43,-70.41,14.48,13.31
EBITDA margin (%),-3.82,3.76,-69.0,16.13,15.74
Net margin (%),-3.98,16.78,-53.32,13.53,11.95
Free cash flow margin (%),-11.83,9.92,17.49,18.44,24.32
Return on capital (%),,,,24.63,22.52
Return on capital employed (%),,,-62.38,13.38,16.36
Return on equity (%),,,-88.01,13.36,15.93
Return on assets (%),,,-38.64,10.34,11.46
Revenue growth (%),,39.09,19.25,11.05,10.78
Net income growth (%),,,-478.97,,-2.19
Diluted EPS growth (%),,,-1394.79,,1.27
Free cash flow growth (%),,,110.28,17.11,46.07
Net debt to EBITDA (x),,-17.85,,-2.51,-1.17
Debt to equity (x),,,0.0,0.0,0.0
Interest coverage (x),,,,,
Current ratio (x),,3.45,4.51,3.38,2.4
Quick ratio (x),,3.45,4.51,3.38,2.4
Free cash flow (US$m),-217.0,253.0,532.0,623.0,910.0
Capital expenditure to revenue (%),0.71,0.94,1.78,1.89,1.63
Buybacks plus dividends (US$m),0.0,0.0,36.0,1402.0,1386.0
Shareholder returns to free cash flow (%),,0.0,6.77,225.04,152.31
Stock-based compensation to revenue (%),1.2,1.29,90.6,8.88,9.41
Change in diluted shares (%),,54.05,28.71,121.38,-3.3
Piotroski F-score (score),,,,5.0,6.0
Piotroski tests run (score),,,,9,9
Altman Z'' (score),,2.65,3.63,4.87,1.94
Accruals ratio (%),,,-52.6,-5.2,-13.43
