"CINCINNATI FINANCIAL CORPORATION (CINF), US$ millions unless stated; fiscal years as labelled by the company; source: SEC EDGAR XBRL (Form 10-K), CIK 0000020286"
Item,FY2016,FY2017,FY2018,FY2019,FY2020,FY2021,FY2022,FY2023,FY2024,FY2025
Fiscal year end,2016-12-31,2017-12-31,2018-12-31,2019-12-31,2020-12-31,2021-12-31,2022-12-31,2023-12-31,2024-12-31,2025-12-31
Revenue,5449.0,5732.0,5407.0,7924.0,7536.0,9626.0,6563.0,10013.0,11337.0,12631.0
Gross profit,,,,,,,,,,
Research and development,,,,,,,,,,
Operating income,,,,,,,,,,
Interest expense,53.0,53.0,53.0,53.0,54.0,53.0,53.0,54.0,53.0,53.0
Pretax income,812.0,730.0,251.0,2472.0,1499.0,3698.0,-694.0,2276.0,2858.0,2980.0
Income tax,221.0,-315.0,-36.0,475.0,283.0,730.0,-207.0,433.0,566.0,587.0
Net income,591.0,1045.0,287.0,1997.0,1216.0,2968.0,-487.0,1843.0,2292.0,2393.0
Diluted EPS,3.55,6.29,1.75,12.1,7.49,18.24,-3.06,11.66,14.53,15.17
Diluted shares,166.5,166.0,164.5,165.1,162.4,162.7,158.8,158.1,157.8,157.7
Depreciation and amortization,48.0,55.0,63.0,72.0,81.0,93.0,33.0,30.0,34.0,36.0
Cash from operations,1115.0,1052.0,1181.0,1208.0,1491.0,1981.0,2052.0,2052.0,2649.0,3112.0
Capital expenditure,13.0,16.0,20.0,24.0,20.0,15.0,15.0,18.0,22.0,20.0
Share buybacks,39.0,92.0,125.0,67.0,261.0,144.0,410.0,67.0,126.0,205.0
Dividends paid,306.0,400.0,336.0,355.0,375.0,395.0,423.0,454.0,490.0,525.0
Acquisitions,0.0,0.0,0.0,0.0,0.0,0.0,0.0,0.0,0.0,0.0
Stock-based compensation,23.0,26.0,28.0,30.0,31.0,33.0,,,,
Cash and short-term investments,777.0,657.0,784.0,767.0,900.0,1139.0,1264.0,907.0,1281.0,1579.0
Total debt,787.0,787.0,788.0,788.0,788.0,789.0,789.0,790.0,790.0,790.0
Finance lease liabilities,0.0,0.0,0.0,0.0,0.0,0.0,0.0,0.0,0.0,0.0
debt_and_leases,787.0,787.0,788.0,788.0,788.0,789.0,789.0,790.0,790.0,790.0
Current assets,,,,,,,,,,
Current liabilities,,,,,,,,,,
Inventory,0.0,0.0,0.0,0.0,0.0,0.0,0.0,0.0,0.0,0.0
Total assets,20386.0,21843.0,21935.0,25408.0,27542.0,31387.0,29732.0,32769.0,36501.0,41002.0
Total liabilities,13326.0,13600.0,14102.0,15544.0,16753.0,18282.0,19170.0,20671.0,22566.0,25091.0
Shareholders' equity,7060.0,8243.0,7833.0,9864.0,10789.0,12764.0,10562.0,12098.0,13935.0,15911.0
"Property and equipment, net",183.0,185.0,195.0,207.0,213.0,205.0,202.0,208.0,214.0,219.0
Gross margin (%),,,,,,,,,,
Operating margin (%),,,,,,,,,,
EBITDA margin (%),16.76,14.62,6.79,32.77,21.68,39.93,-9.26,23.57,25.98,24.3
Net margin (%),10.85,18.23,5.31,25.2,16.14,30.83,-7.42,18.41,20.22,18.95
Free cash flow margin (%),20.22,18.07,21.47,14.94,19.52,20.42,31.04,20.31,23.17,24.48
Return on capital (%),9.16,10.14,3.75,23.02,12.25,26.08,-4.5,17.1,18.36,17.05
Return on capital employed (%),,,,,,,,,,
Return on equity (%),8.76,13.66,3.57,22.57,11.78,25.2,-4.18,16.27,17.61,16.04
Return on assets (%),3.01,4.95,1.31,8.44,4.59,10.07,-1.59,5.9,6.62,6.18
Revenue growth (%),5.97,5.19,-5.67,46.55,-4.9,27.73,-31.82,52.57,13.22,11.41
Net income growth (%),-6.78,76.82,-72.54,595.82,-39.11,144.08,-116.41,,24.36,4.41
Diluted EPS growth (%),-7.31,77.18,-72.18,591.43,-38.1,143.52,-116.78,,24.61,4.4
Free cash flow growth (%),3.47,-5.99,12.07,1.98,24.24,33.65,3.61,-0.15,29.15,17.7
Net debt to EBITDA (x),0.01,0.16,0.01,0.01,-0.07,-0.09,,-0.05,-0.17,-0.26
Debt to equity (x),0.11,0.1,0.1,0.08,0.07,0.06,0.07,0.07,0.06,0.05
Interest coverage (x),16.32,14.77,5.74,47.64,28.76,70.77,-12.09,43.15,54.92,57.23
Current ratio (x),,,,,,,,,,
Quick ratio (x),,,,,,,,,,
Free cash flow (US$m),1102.0,1036.0,1161.0,1184.0,1471.0,1966.0,2037.0,2034.0,2627.0,3092.0
Capital expenditure to revenue (%),0.24,0.28,0.37,0.3,0.27,0.16,0.23,0.18,0.19,0.16
Buybacks plus dividends (US$m),345.0,492.0,461.0,422.0,636.0,539.0,833.0,521.0,616.0,730.0
Shareholder returns to free cash flow (%),31.31,47.49,39.71,35.64,43.24,27.42,40.89,25.61,23.45,23.61
Stock-based compensation to revenue (%),0.42,0.45,0.52,0.38,0.41,0.34,,,,
Change in diluted shares (%),0.54,-0.3,-0.9,0.36,-1.64,0.18,-2.4,-0.44,-0.19,-0.06
Piotroski F-score (score),,,,,,,,,,
Piotroski tests run (score),,,,,,,,,,
Altman Z'' (score),,,,,,,,,,
Accruals ratio (%),-2.67,-0.03,-4.08,3.33,-1.04,3.35,-8.31,-0.67,-1.03,-1.86
