"YUM! BRANDS, INC. (YUM), US$ millions unless stated; fiscal years as labelled by the company; source: SEC EDGAR XBRL (Form 10-K), CIK 0001041061"
Item,FY2016,FY2017,FY2018,FY2019,FY2020,FY2021,FY2022,FY2023,FY2024,FY2025
Fiscal year end,2016-12-31,2017-12-31,2018-12-31,2019-12-31,2020-12-31,2021-12-31,2022-12-31,2023-12-31,2024-12-31,2025-12-31
Revenue,6356.0,5878.0,5688.0,5597.0,5652.0,6584.0,6842.0,7076.0,7549.0,8214.0
Gross profit,,2924.0,4054.0,4362.0,4146.0,4859.0,5097.0,5302.0,5429.0,5731.0
Research and development,,,,,,,,,,
Operating income,1682.0,2761.0,2296.0,1930.0,1503.0,2139.0,2187.0,2318.0,2403.0,2574.0
Interest expense,331.0,473.0,496.0,519.0,558.0,551.0,558.0,602.0,542.0,544.0
Pretax income,1345.0,2274.0,1839.0,1373.0,1020.0,1674.0,1662.0,1818.0,1900.0,2077.0
Income tax,,934.0,297.0,79.0,116.0,99.0,337.0,221.0,414.0,518.0
Net income,1643.0,1340.0,1542.0,1294.0,904.0,1575.0,1325.0,1597.0,1486.0,1559.0
Diluted EPS,4.1,3.77,4.69,4.14,2.94,5.21,4.57,5.59,5.22,5.55
Diluted shares,400.0,355.0,329.0,313.0,307.0,302.0,290.0,285.0,285.0,281.0
Depreciation and amortization,310.0,253.0,137.0,112.0,146.0,164.0,146.0,153.0,175.0,206.0
Cash from operations,,1030.0,1176.0,1315.0,1305.0,1706.0,1427.0,1603.0,1689.0,2010.0
Capital expenditure,,318.0,234.0,196.0,160.0,230.0,279.0,285.0,257.0,371.0
Share buybacks,0.0,1960.0,2390.0,815.0,239.0,1591.0,1200.0,50.0,441.0,552.0
Dividends paid,0.0,416.0,462.0,511.0,566.0,592.0,649.0,678.0,752.0,789.0
Acquisitions,0.0,0.0,66.0,0.0,408.0,0.0,0.0,0.0,174.0,6.0
Stock-based compensation,,65.0,50.0,59.0,97.0,75.0,84.0,95.0,69.0,70.0
Cash and short-term investments,831.0,1522.0,292.0,605.0,730.0,486.0,367.0,512.0,707.0,709.0
Total debt,9191.0,10190.0,10403.0,11003.0,11188.0,11321.0,12341.0,11322.0,11431.0,12014.0
Finance lease liabilities,0.0,0.0,0.0,77.0,72.0,64.0,57.0,50.0,67.0,148.0
debt_and_leases,9191.0,10190.0,10403.0,11003.0,11188.0,11321.0,12341.0,11322.0,11431.0,12014.0
Current assets,1505.0,2507.0,1207.0,1527.0,1689.0,1532.0,1609.0,1609.0,1871.0,2040.0
Current liabilities,1306.0,1512.0,1301.0,1541.0,1675.0,1415.0,1665.0,1277.0,1269.0,1516.0
Inventory,,0.0,0.0,0.0,0.0,0.0,0.0,0.0,0.0,0.0
Total assets,5453.0,5311.0,4130.0,5231.0,5852.0,5966.0,5846.0,6231.0,6727.0,8197.0
Total liabilities,11068.0,11645.0,12056.0,13247.0,13743.0,14339.0,14722.0,14089.0,14375.0,15521.0
Shareholders' equity,-5615.0,-6334.0,-7926.0,-8016.0,-7891.0,-8373.0,-8876.0,-7858.0,-7648.0,-7325.0
"Property and equipment, net",,,1237.0,1170.0,1235.0,1207.0,1171.0,1197.0,1304.0,1605.0
Gross margin (%),,49.74,71.27,77.93,73.35,73.8,74.5,74.93,71.92,69.77
Operating margin (%),26.46,46.97,40.37,34.48,26.59,32.49,31.96,32.76,31.83,31.34
EBITDA margin (%),31.34,51.28,42.77,36.48,29.18,34.98,34.1,34.92,34.15,33.84
Net margin (%),25.85,22.8,27.11,23.12,15.99,23.92,19.37,22.57,19.68,18.98
Free cash flow margin (%),,12.11,16.56,19.99,20.26,22.42,16.78,18.63,18.97,19.95
Return on capital (%),34.52,64.07,85.2,79.66,53.83,80.04,62.72,67.31,62.36,54.76
Return on capital employed (%),36.88,69.49,69.28,59.21,38.21,49.01,50.09,50.75,46.16,42.41
Return on equity (%),,,,,,,,,,
Return on assets (%),24.32,24.9,32.67,27.65,16.31,26.65,22.43,26.45,22.94,20.89
Revenue growth (%),-51.5,-7.52,-3.23,-1.6,0.98,16.49,3.92,3.42,6.68,8.81
Net income growth (%),27.07,-18.44,15.07,-16.08,-30.14,74.23,-15.87,20.53,-6.95,4.91
Diluted EPS growth (%),40.41,-8.05,24.4,-11.73,-28.99,77.21,-12.28,22.32,-6.62,6.32
Free cash flow growth (%),,,32.3,18.79,2.32,28.91,-22.22,14.81,8.65,14.46
Net debt to EBITDA (x),4.2,2.88,4.16,5.09,6.34,4.7,5.13,4.37,4.16,4.07
Debt to equity (x),,,,,,,,,,
Interest coverage (x),5.08,5.84,4.63,3.72,2.69,3.88,3.92,3.85,4.43,4.73
Current ratio (x),1.15,1.66,0.93,0.99,1.01,1.08,0.97,1.26,1.47,1.35
Quick ratio (x),,1.66,0.93,0.99,1.01,1.08,0.97,1.26,1.47,1.35
Free cash flow (US$m),,712.0,942.0,1119.0,1145.0,1476.0,1148.0,1318.0,1432.0,1639.0
Capital expenditure to revenue (%),,5.41,4.11,3.5,2.83,3.49,4.08,4.03,3.4,4.52
Buybacks plus dividends (US$m),0.0,2376.0,2852.0,1326.0,805.0,2183.0,1849.0,728.0,1193.0,1341.0
Shareholder returns to free cash flow (%),,333.71,302.76,118.5,70.31,147.9,161.06,55.24,83.31,81.82
Stock-based compensation to revenue (%),,1.11,0.88,1.05,1.72,1.14,1.23,1.34,0.91,0.85
Change in diluted shares (%),-9.71,-11.25,-7.32,-4.86,-1.92,-1.63,-3.97,-1.72,0.0,-1.4
Piotroski F-score (score),,6.0,5.0,8.0,6.0,9.0,6.0,9.0,7.0,6.0
Piotroski tests run (score),,8,9,9,9,9,9,9,9,9
Altman Z'' (score),,,-3.1,-2.93,-3.03,-2.47,-2.93,-1.72,-1.09,-0.76
Accruals ratio (%),,5.76,7.75,-0.45,-7.24,-2.22,-1.73,-0.1,-3.13,-6.04
