"Viper Energy, Inc. (VNOM), US$ millions unless stated; fiscal years as labelled by the company; source: SEC EDGAR XBRL (Form 10-K), CIK 0002074176"
Item,FY2016,FY2017,FY2018,FY2019,FY2020,FY2021,FY2022,FY2023,FY2024,FY2025
Fiscal year end,2016-12-31,2017-12-31,2018-12-31,2019-12-31,2020-12-31,2021-12-31,2022-12-31,2023-12-31,2024-12-31,2025-12-31
Revenue,79.1,172.0,288.8,298.3,250.6,504.9,866.5,828.0,861.0,1395.0
Gross profit,,171.2,288.8,298.3,,,,,,
Research and development,,,,,,,,,,
Operating income,-9.3,113.8,203.0,193.5,52.9,361.6,680.5,620.0,567.0,-140.0
Interest expense,2.5,3.2,12.4,13.8,33.1,34.0,40.4,48.9,74.0,70.0
Pretax income,-10.9,111.5,190.5,179.6,-50.9,258.2,622.4,547.0,504.0,-225.0
Income tax,0.0,0.0,-72.4,-41.6,142.5,1.5,-32.7,46.0,-100.0,-19.0
Net income,-10.9,111.5,144.0,46.3,-192.3,57.9,151.7,200.0,359.0,-68.0
Diluted EPS,,,,,,0.85,2,2.69,3.82,-0.48
Diluted shares,,,,,,68.4,75.7,74.2,93.9,142.5
Depreciation and amortization,29.8,40.5,58.8,78.2,100.5,103.0,121.1,146.0,214.0,607.0
Cash from operations,68.6,139.2,244.5,236.7,196.6,307.1,699.8,638.0,620.0,1053.0
Capital expenditure,0.0,0.0,4.7,0.0,0.0,,,,,
Share buybacks,0.0,0.0,0.0,0.0,24.0,46.0,150.6,95.2,0.0,0.0
Dividends paid,0.0,0.0,98.3,107.1,45.7,75.9,182.8,129.0,219.0,328.0
Acquisitions,0.0,0.0,0.0,0.0,0.0,0.0,0.0,0.0,0.0,0.0
Stock-based compensation,3.8,2.4,2.8,1.8,,,,,,
Cash and short-term investments,9.2,24.2,22.7,3.6,19.1,39.4,18.2,25.9,27.0,13.0
Total debt,120.5,93.5,411.0,586.8,555.6,776.7,576.9,1083.1,1083.0,2186.0
Finance lease liabilities,0.0,0.0,0.0,0.0,0.0,0.0,0.0,0.0,0.0,0.0
debt_and_leases,120.5,93.5,411.0,586.8,555.6,776.7,576.9,1083.1,1083.0,2186.0
Current assets,23.4,55.4,65.2,72.7,54.0,111.1,118.6,143.5,238.0,413.0
Current liabilities,2.2,5.6,6.0,13.4,44.9,24.5,21.9,33.3,49.0,111.0
Inventory,0.0,0.0,0.0,0.0,0.0,0.0,0.0,0.0,0.0,0.0
Total assets,670.5,1013.0,1654.1,2785.6,2461.4,3034.0,2920.4,3974.1,5069.0,12671.0
Total liabilities,122.7,99.1,417.0,600.2,600.5,801.2,598.8,1116.5,1162.0,2308.0
Shareholders' equity,547.9,913.9,542.1,931.1,635.3,814.8,690.7,1014.3,1687.0,4448.0
"Property and equipment, net",,914.4,1474.1,2547.7,2405.1,2920.1,2750.3,3768.3,4638.0,12209.0
Gross margin (%),,99.54,100.0,100.0,,,,,,
Operating margin (%),-11.76,66.16,70.28,64.88,21.11,71.61,78.54,74.88,65.85,-10.04
EBITDA margin (%),25.91,89.72,90.65,91.09,61.21,92.01,92.51,92.51,90.71,33.48
Net margin (%),-13.77,64.8,49.84,15.52,-76.73,11.47,17.5,24.15,41.7,-4.87
Free cash flow margin (%),86.71,80.93,83.03,79.35,78.43,,,,,
Return on capital (%),,13.86,15.56,8.81,1.62,13.39,23.26,16.71,12.77,-1.26
Return on capital employed (%),-1.55,13.58,15.29,8.76,2.04,13.33,23.04,18.13,12.66,-1.59
Return on equity (%),-2.09,15.25,19.77,6.28,-24.55,7.99,20.15,23.46,26.58,-2.22
Return on assets (%),-1.82,13.24,10.8,2.08,-7.33,2.11,5.09,5.8,7.94,-0.77
Revenue growth (%),,117.36,67.89,3.28,-15.98,101.46,71.61,-4.44,3.99,62.02
Net income growth (%),,,29.14,-67.85,-515.51,,161.78,31.86,79.5,-118.94
Diluted EPS growth (%),,,,,,,135.29,34.5,42.01,-112.57
Free cash flow growth (%),,102.86,72.25,-1.3,-16.96,,,,,
Net debt to EBITDA (x),5.43,0.45,1.48,2.15,3.5,1.59,0.7,1.38,1.35,4.65
Debt to equity (x),0.22,0.1,0.76,0.63,0.87,0.95,0.84,1.07,0.64,0.49
Interest coverage (x),-3.79,35.97,16.32,14.02,1.6,10.62,16.84,12.68,7.66,-2.0
Current ratio (x),10.88,9.85,10.83,5.41,1.2,4.54,5.41,4.32,4.86,3.72
Quick ratio (x),10.88,9.85,10.83,5.41,1.2,4.54,5.41,4.32,4.86,3.72
Free cash flow (US$m),68.63,139.22,239.81,236.69,196.56,,,,,
Capital expenditure to revenue (%),0.0,0.0,1.62,0.0,0.0,,,,,
Buybacks plus dividends (US$m),0.0,0.0,98.33,107.07,69.7,121.94,333.43,224.22,219.0,328.0
Shareholder returns to free cash flow (%),0.0,0.0,41.01,45.24,35.46,,,,,
Stock-based compensation to revenue (%),4.82,1.39,0.96,0.61,,,,,,
Change in diluted shares (%),,,,,,,10.66,-1.99,26.63,51.74
Piotroski F-score (score),,,,,,,7.0,5.0,6.0,3.0
Piotroski tests run (score),,,,,,,8,8,8,8
Altman Z'' (score),,,,,,,5.85,3.9,4.6,4.73
Accruals ratio (%),-13.25,-3.3,-7.54,-8.58,-14.82,-9.07,-18.41,-12.71,-5.77,-12.64
