"MICROCHIP TECHNOLOGY INCORPORATED (MCHP), US$ millions unless stated; fiscal years as labelled by the company; source: SEC EDGAR XBRL (Form 10-K), CIK 0000827054"
Item,FY2017,FY2018,FY2019,FY2020,FY2021,FY2022,FY2023,FY2024,FY2025,FY2026
Fiscal year end,2017-03-31,2018-03-31,2019-03-31,2020-03-31,2021-03-31,2022-03-31,2023-03-31,2024-03-31,2025-03-31,2026-03-31
Revenue,3407.8,3980.8,5349.5,5274.2,5438.4,6820.9,8438.7,7634.4,4401.6,4713.1
Gross profit,1757.2,2420.7,2931.3,3242.1,3378.8,4449.6,5697.9,4995.7,2467.9,2721.1
Research and development,545.3,529.3,826.3,877.8,836.4,989.1,1118.3,1097.4,983.8,1085.9
Operating income,275.8,936.3,714.3,647.1,998.1,1849.6,3116.0,2571.0,296.3,490.1
Interest expense,146.3,199.0,502.9,497.3,356.9,257.0,203.9,198.3,259.2,221.3
Pretax income,89.8,737.3,204.5,150.4,339.5,1482.5,2909.7,2365.9,38.9,273.5
Income tax,-80.8,481.9,-151.4,-420.2,-9.9,197.0,672.0,459.0,39.4,43.5
Net income,164.6,255.4,355.9,570.6,349.4,1285.5,2237.7,1906.9,-0.5,230.0
Diluted EPS,0.35,0.52,0.71,1.11,0.65,2.27,4.02,3.48,-0.01,0.22
Diluted shares,469.6,497.8,499.8,512.4,541.2,565.9,557.3,548.0,537.3,545.2
Depreciation and amortization,469.2,615.9,876.4,1215.6,1153.3,1143.5,998.4,879.5,750.1,689.3
Cash from operations,1059.5,1419.6,1674.8,1543.8,1916.5,2842.7,3621.0,2892.7,898.1,962.1
Capital expenditure,10.2,206.8,228.9,67.6,92.6,370.1,486.2,285.1,126.0,91.1
Share buybacks,0.0,0.0,0.0,0.0,0.0,425.6,945.8,982.1,96.5,0.0
Dividends paid,315.4,337.5,344.4,350.1,388.3,503.8,695.3,911.5,975.7,984.0
Acquisitions,0.0,0.0,7850.6,0.0,0.0,0.0,0.0,0.0,0.0,0.0
Stock-based compensation,128.1,93.2,166.4,170.2,198.3,210.2,170.4,177.5,180.4,255.4
Cash and short-term investments,1302.8,2196.6,430.9,403.0,282.0,319.4,234.0,319.7,771.7,240.3
Total debt,2950.5,3068.3,10307.0,9482.2,8904.1,7687.4,6439.9,5999.8,5630.4,5496.4
Finance lease liabilities,0.0,0.0,0.0,0.0,0.0,0.0,0.0,0.0,0.0,0.0
debt_and_leases,2950.5,3068.3,10307.0,9482.2,8904.1,7687.4,6439.9,5999.8,5630.4,5496.4
Current assets,2305.0,3356.3,2214.8,2217.2,2145.2,2452.6,3069.3,3013.0,2991.3,2377.6
Current liabilities,704.5,2017.4,2374.5,1637.4,2409.6,1399.0,3118.6,2519.4,1155.1,1136.3
Inventory,417.2,476.2,711.7,685.7,665.0,854.4,1324.9,1316.0,1293.5,1035.4
Total assets,7686.9,8257.2,18350.0,17426.1,16478.8,16199.5,16370.3,15873.2,15374.6,14370.1
Total liabilities,4416.2,4977.4,13062.5,11840.6,11141.7,10304.7,9856.7,9215.4,8296.3,7937.7
Shareholders' equity,3270.7,3279.8,5287.5,5585.5,5337.1,5894.8,6513.6,6657.8,7078.3,6432.4
"Property and equipment, net",683.3,767.9,996.7,876.1,854.7,967.9,1177.9,1194.6,1183.7,1106.7
Gross margin (%),51.56,60.81,54.8,61.47,62.13,65.23,67.52,65.44,56.07,57.73
Operating margin (%),8.09,23.52,13.35,12.27,18.35,27.12,36.93,33.68,6.73,10.4
EBITDA margin (%),21.86,38.99,29.74,35.32,39.56,43.88,48.76,45.2,23.77,25.02
Net margin (%),4.83,6.42,6.65,10.82,6.42,18.85,26.52,24.98,-0.01,4.88
Free cash flow margin (%),30.79,30.47,27.03,27.99,33.54,36.25,37.15,34.16,17.54,18.48
Return on capital (%),7.79,10.32,7.4,4.34,6.97,11.78,18.45,16.54,1.22,3.49
Return on capital employed (%),4.54,14.16,6.43,4.07,6.69,12.81,22.22,19.33,2.15,3.57
Return on equity (%),10.08,7.8,8.31,10.5,6.4,22.89,36.07,28.96,-0.01,3.4
Return on assets (%),2.49,3.2,2.68,3.19,2.06,7.87,13.74,11.83,-0.0,1.55
Revenue growth (%),56.8,16.81,34.38,-1.41,3.11,25.42,23.72,-9.53,-42.35,7.08
Net income growth (%),-49.21,55.16,39.35,60.33,-38.77,267.92,74.07,-14.78,-100.03,
Diluted EPS growth (%),-52.35,45.07,37.86,56.34,-41.44,249.23,77.09,-13.43,-100.29,
Free cash flow growth (%),42.32,15.58,19.22,2.1,23.55,35.57,26.78,-16.82,-70.39,12.81
Net debt to EBITDA (x),2.21,0.56,6.21,4.87,4.01,2.46,1.51,1.65,4.64,4.46
Debt to equity (x),0.9,0.94,1.95,1.7,1.67,1.3,0.99,0.9,0.8,0.85
Interest coverage (x),1.89,4.71,1.42,1.3,2.8,7.2,15.28,12.97,1.14,2.21
Current ratio (x),3.27,1.66,0.93,1.35,0.89,1.75,0.98,1.2,2.59,2.09
Quick ratio (x),2.68,1.43,0.63,0.94,0.61,1.14,0.56,0.67,1.47,1.18
Free cash flow (US$m),1049.3,1212.8,1445.9,1476.2,1823.9,2472.6,3134.8,2607.6,772.1,871.0
Capital expenditure to revenue (%),0.3,5.19,4.28,1.28,1.7,5.43,5.76,3.73,2.86,1.93
Buybacks plus dividends (US$m),315.4,337.5,344.4,350.1,388.3,929.4,1641.1,1893.6,1072.2,984.0
Shareholder returns to free cash flow (%),30.06,27.83,23.82,23.72,21.29,37.59,52.35,72.62,138.87,112.97
Stock-based compensation to revenue (%),3.76,2.34,3.11,3.23,3.65,3.08,2.02,2.33,4.1,5.42
Change in diluted shares (%),8.0,6.01,0.4,2.52,5.62,4.56,-1.52,-1.67,-1.95,1.47
Piotroski F-score (score),5.0,6.0,5.0,6.0,6.0,8.0,8.0,6.0,5.0,6.0
Piotroski tests run (score),9,9,9,9,9,9,9,9,9,9
Altman Z'' (score),3.01,3.07,1.2,1.61,1.48,2.63,3.1,3.44,3.03,2.76
Accruals ratio (%),-13.53,-14.6,-9.91,-5.44,-9.24,-9.53,-8.49,-6.11,-5.75,-4.92
