"ESSEX PROPERTY TRUST, INC. (ESS), US$ millions unless stated; fiscal years as labelled by the company; source: SEC EDGAR XBRL (Form 10-K), CIK 0000920522"
Item,FY2016,FY2017,FY2018,FY2019,FY2020,FY2021,FY2022,FY2023,FY2024,FY2025
Fiscal year end,2016-12-31,2017-12-31,2018-12-31,2019-12-31,2020-12-31,2021-12-31,2022-12-31,2023-12-31,2024-12-31,2025-12-31
Revenue,1294.0,1363.9,1400.1,1460.2,1495.7,1440.6,1606.8,1669.4,1774.4,1887.3
Gross profit,,,,,,,1128.4,1170.5,1242.6,1319.0
Research and development,,,,,,,,,,
Operating income,420.8,472.9,512.0,481.1,491.4,530.0,595.2,584.3,703.1,899.3
Interest expense,219.7,222.9,220.5,217.3,220.6,203.1,204.8,212.9,235.5,258.4
Pretax income,,,,,,,,,,
Income tax,,,,,,,,,,
Net income,415.0,433.1,390.2,464.4,599.3,515.7,433.0,430.7,811.3,702.8
Diluted EPS,6.27,6.57,5.9,6.66,8.69,7.51,6.27,6.32,11.54,10.4
Diluted shares,65.6,65.9,66.1,65.9,65.6,65.1,65.1,64.3,64.3,64.4
Depreciation and amortization,441.7,468.9,479.9,483.8,525.5,520.1,539.3,548.4,580.2,607.5
Cash from operations,716.8,769.6,826.6,919.1,803.1,905.3,975.6,980.1,1068.3,1074.4
Capital expenditure,,,,,,,,,,
Share buybacks,1.0,0.0,51.2,57.0,269.3,9.2,189.7,95.7,0.0,0.0
Dividends paid,411.1,450.6,484.2,507.8,536.1,542.9,565.9,587.0,620.5,654.1
Acquisitions,0.0,0.0,0.0,0.0,0.0,0.0,0.0,0.0,0.0,0.0
Stock-based compensation,9.8,9.3,7.1,7.0,8.2,7.3,7.2,8.0,7.2,9.6
Cash and short-term investments,170.3,61.1,151.4,81.1,84.0,58.6,42.7,400.3,66.8,76.2
Total debt,,,,,,,,,,
Finance lease liabilities,0.0,0.0,0.0,0.0,0.0,0.0,0.0,0.0,0.0,0.0
debt_and_leases,,,,,,,,,,
Current assets,,,,,,,,,,
Current liabilities,,,,,,,,,,
Inventory,0.0,0.0,0.0,0.0,0.0,0.0,0.0,0.0,0.0,0.0
Total assets,12217.4,12495.7,12383.6,12705.4,12936.2,12997.9,12372.9,12361.4,12927.4,13159.0
Total liabilities,5880.5,6059.7,5954.3,6264.5,6720.7,6786.7,6450.6,6735.2,7176.1,7422.1
Shareholders' equity,6192.2,6277.4,6267.1,6220.4,6000.4,5993.6,5716.4,5422.7,5537.0,5541.4
"Property and equipment, net",,,,,,,,,,
Gross margin (%),,,,,,,70.23,70.12,70.03,69.89
Operating margin (%),32.52,34.68,36.57,32.95,32.86,36.79,37.04,35.0,39.62,47.65
EBITDA margin (%),66.65,69.05,70.85,66.08,67.99,72.89,70.61,67.86,72.32,79.84
Net margin (%),32.07,31.75,27.87,31.81,40.07,35.8,26.95,25.8,45.72,37.24
Free cash flow margin (%),,,,,,,,,,
Return on capital (%),,,,,,,,,,
Return on capital employed (%),,,,,,,,,,
Return on equity (%),6.68,6.95,6.22,7.44,9.81,8.6,7.4,7.73,14.81,12.69
Return on assets (%),3.43,3.5,3.14,3.7,4.67,3.98,3.41,3.48,6.42,5.39
Revenue growth (%),8.34,5.4,2.65,4.29,2.44,-3.69,11.54,3.89,6.29,6.36
Net income growth (%),78.78,4.36,-9.91,19.04,29.04,-13.96,-16.04,-0.53,88.37,-13.38
Diluted EPS growth (%),79.66,4.78,-10.2,12.88,30.48,-13.58,-16.51,0.8,82.59,-9.88
Free cash flow growth (%),,,,,,,,,,
Net debt to EBITDA (x),,,,,,,,,,
Debt to equity (x),,,,,,,,,,
Interest coverage (x),1.92,2.12,2.32,2.21,2.23,2.61,2.91,2.74,2.99,3.48
Current ratio (x),,,,,,,,,,
Quick ratio (x),,,,,,,,,,
Free cash flow (US$m),,,,,,,,,,
Capital expenditure to revenue (%),,,,,,,,,,
Buybacks plus dividends (US$m),412.18,450.62,535.41,564.74,805.41,552.03,755.65,682.63,620.47,654.07
Shareholder returns to free cash flow (%),,,,,,,,,,
Stock-based compensation to revenue (%),0.76,0.68,0.51,0.48,0.55,0.51,0.45,0.48,0.4,0.51
Change in diluted shares (%),0.81,0.47,0.28,-0.22,-0.57,-0.73,0.01,-1.3,-0.0,0.23
Piotroski F-score (score),,,,,,,,,,
Piotroski tests run (score),,,,,,,,,,
Altman Z'' (score),,,,,,,,,,
Accruals ratio (%),-2.49,-2.72,-3.51,-3.62,-1.59,-3.0,-4.28,-4.44,-2.03,-2.85
