"ELI LILLY AND COMPANY (LLY), US$ millions unless stated; fiscal years as labelled by the company; source: SEC EDGAR XBRL (Form 10-K), CIK 0000059478"
Item,FY2016,FY2017,FY2018,FY2019,FY2020,FY2021,FY2022,FY2023,FY2024,FY2025
Fiscal year end,2016-12-31,2017-12-31,2018-12-31,2019-12-31,2020-12-31,2021-12-31,2022-12-31,2023-12-31,2024-12-31,2025-12-31
Revenue,21222.1,19973.8,21493.3,22319.5,24539.8,28318.4,28541.4,34124.0,45043.0,65179.0
Gross profit,15512.0,15526.1,16811.6,17598.3,19056.5,21005.6,21911.6,27042.0,36625.0,54127.0
Research and development,5310.3,5096.2,5051.2,5595.0,5976.3,6930.7,7190.8,9313.0,10991.0,13337.0
Operating income,,,,,,,,,,
Interest expense,185.2,225.0,242.5,400.6,359.6,339.8,331.6,485.9,781.0,895.0
Pretax income,3374.0,2304.8,3680.1,5265.9,7229.9,6155.5,6806.4,6554.0,12680.0,25731.0
Income tax,636.4,2391.2,529.5,628.0,1036.2,573.8,561.6,1314.0,2090.0,5091.0
Net income,2737.6,-204.1,3232.0,8318.4,6193.7,5581.7,6244.8,5240.0,10590.0,20640.0
Diluted EPS,2.58,-0.19,3.13,8.89,6.79,6.12,6.9,5.8,11.71,22.95
Diluted shares,1061.8,1052.0,1033.7,935.7,912.5,911.7,904.6,903.3,904.1,899.3
Depreciation and amortization,1496.6,1567.3,1609.0,1232.6,1323.9,1547.6,1522.5,1527.0,1767.0,1997.0
Cash from operations,4851.0,5615.6,5524.5,4836.6,6499.6,7365.9,7585.7,4240.0,8818.0,16813.0
Capital expenditure,1037.0,1076.8,1210.6,1033.9,1387.9,1309.8,1854.3,3448.0,5058.0,7841.0
Share buybacks,600.1,299.8,4150.7,4400.0,500.0,1250.0,1500.0,750.0,2500.0,4108.0
Dividends paid,2158.5,2192.1,2311.8,2409.8,2687.1,3086.8,3535.8,4069.0,4680.0,5384.0
Acquisitions,45.0,882.1,0.0,6917.7,849.3,747.4,327.2,0.0,0.0,0.0
Stock-based compensation,255.3,281.3,279.5,312.4,308.1,342.8,371.1,629.0,646.0,626.0
Cash and short-term investments,6038.6,8034.1,7408.9,2438.5,3681.3,3908.6,2211.8,2927.7,3422.8,
Total debt,10305.2,12637.3,9695.3,15132.7,16348.7,16741.2,16313.3,25294.0,33812.0,40868.0
Finance lease liabilities,0.0,0.0,0.0,0.0,0.0,0.0,0.0,0.0,0.0,0.0
debt_and_leases,10305.2,12637.3,9695.3,15132.7,16348.7,16741.2,16313.3,25294.0,33812.0,40868.0
Current assets,15101.4,19202.1,20549.6,13709.6,17462.1,18452.4,18034.5,25727.0,32740.0,55629.0
Current liabilities,10986.6,14535.9,11888.1,11775.2,12481.6,15052.7,17138.2,27293.2,28376.0,35228.0
Inventory,3561.9,4458.3,3098.1,3190.7,3980.3,3886.0,4309.7,5772.8,7589.0,13744.0
Total assets,38805.9,44981.0,43908.4,39286.1,46633.1,48806.0,49489.8,64006.3,78715.0,112476.0
Total liabilities,24725.4,33313.1,32999.3,36587.0,40807.9,39651.2,38714.4,53142.6,64443.4,85941.0
Shareholders' equity,14007.7,11592.2,9828.7,2606.9,5641.6,8979.2,10649.8,10771.9,14272.0,26535.0
"Property and equipment, net",8252.6,8826.5,7996.1,7872.9,8681.9,8985.1,10144.0,12913.6,17102.0,24675.0
Gross margin (%),73.09,77.73,78.22,78.85,77.66,74.18,76.77,79.25,81.31,83.04
Operating margin (%),,,,,,,,,,
EBITDA margin (%),23.82,20.51,25.74,30.91,36.32,28.4,30.34,25.11,33.81,43.91
Net margin (%),12.9,-1.02,15.04,37.27,25.24,19.71,21.88,15.36,23.51,31.67
Free cash flow margin (%),17.97,22.72,20.07,17.04,20.83,21.39,20.08,2.32,8.35,13.77
Return on invested capital (%),15.84,7.31,22.79,34.91,38.37,29.1,27.95,19.37,28.87,
Return on capital employed (%),12.91,8.68,12.56,19.04,24.62,19.13,21.6,20.39,30.93,41.74
Return on equity (%),19.16,-1.59,30.18,133.78,150.18,76.35,63.63,48.92,84.57,101.16
Return on assets (%),7.36,-0.49,7.27,20.0,14.42,11.7,12.71,9.23,14.84,21.59
Revenue growth (%),6.33,-5.88,7.61,3.84,9.95,15.4,0.79,19.56,32.0,44.7
Net income growth (%),13.67,-107.46,,157.38,-25.54,-9.88,11.88,-16.09,102.1,94.9
Diluted EPS growth (%),14.16,-107.36,,184.03,-23.62,-9.87,12.75,-15.94,101.9,95.99
Free cash flow growth (%),100.91,19.0,-4.96,-11.85,34.42,18.48,-5.36,-86.18,374.75,138.62
Net debt to EBITDA (x),0.84,1.12,0.41,1.84,1.42,1.6,1.63,2.61,2.0,
Debt to equity (x),0.74,1.09,0.99,5.8,2.9,1.86,1.53,2.35,2.37,1.54
Interest coverage (x),19.22,11.24,16.18,14.15,21.11,19.12,21.53,14.49,17.24,29.75
Current ratio (x),1.37,1.32,1.73,1.16,1.4,1.23,1.05,0.94,1.15,1.58
Quick ratio (x),1.05,1.01,1.47,0.89,1.08,0.97,0.8,0.73,0.89,1.19
Free cash flow (US$m),3814.0,4538.8,4313.9,3802.7,5111.7,6056.1,5731.4,792.0,3760.0,8972.0
Capital expenditure to revenue (%),4.89,5.39,5.63,4.63,5.66,4.63,6.5,10.1,11.23,12.03
Buybacks plus dividends (US$m),2758.6,2491.9,6462.5,6809.8,3187.1,4336.8,5035.8,4819.0,7180.0,9492.0
Shareholder returns to free cash flow (%),72.33,54.9,149.81,179.08,62.35,71.61,87.86,608.46,190.96,105.8
Stock-based compensation to revenue (%),1.2,1.41,1.3,1.4,1.26,1.21,1.3,1.84,1.43,0.96
Change in diluted shares (%),-0.37,-0.92,-1.74,-9.48,-2.48,-0.09,-0.77,-0.15,0.09,-0.53
Piotroski F-score (score),6.0,4.0,8.0,6.0,6.0,5.0,7.0,5.0,6.0,8.0
Piotroski tests run (score),9,9,9,9,9,9,9,9,9,9
Altman Z'' (score),3.26,2.43,3.09,1.78,2.49,2.19,2.04,1.32,2.31,3.81
Accruals ratio (%),-5.68,-13.89,-5.16,8.37,-0.71,-3.74,-2.73,1.76,2.48,4.0
