"FORTINET, INC. (FTNT), US$ millions unless stated; fiscal years as labelled by the company; source: SEC EDGAR XBRL (Form 10-K), CIK 0001262039"
Item,FY2016,FY2017,FY2018,FY2019,FY2020,FY2021,FY2022,FY2023,FY2024,FY2025
Fiscal year end,2016-12-31,2017-12-31,2018-12-31,2019-12-31,2020-12-31,2021-12-31,2022-12-31,2023-12-31,2024-12-31,2025-12-31
Revenue,1275.4,1494.9,1804.6,2163.0,2594.4,3342.2,4417.4,5304.8,5955.8,6799.6
Gross profit,937.6,1109.6,1354.2,1657.1,2024.4,2559.2,3332.5,4067.6,4798.2,5470.7
Research and development,183.1,210.6,244.5,277.1,341.4,424.2,512.4,613.8,716.8,815.5
Operating income,42.9,109.8,234.4,351.0,531.8,650.4,969.6,1241.1,1803.4,2084.7
Interest expense,,,,0.0,0.0,14.9,18.0,21.0,20.0,20.1
Pretax income,43.1,124.0,254.3,386.0,541.7,628.4,955.5,1333.7,2058.5,2282.2
Income tax,10.9,92.6,-80.6,54.3,53.2,14.1,30.8,143.8,283.9,439.1
Net income,32.2,31.4,334.9,331.7,488.5,606.8,857.3,1147.8,1745.2,1853.4
Diluted EPS,0.04,0.04,0.38,0.38,0.58,0.73,1.06,1.46,2.26,2.42
Diluted shares,881.5,890.5,871.0,875.0,838.3,835.3,805.3,788.2,771.9,764.6
Depreciation and amortization,48.5,55.5,55.7,61.6,68.8,84.4,104.3,113.4,122.8,152.0
Cash from operations,345.7,594.4,638.9,808.0,1083.7,1499.7,1730.6,1935.5,2258.1,2590.6
Capital expenditure,67.2,135.3,53.0,92.2,125.9,295.9,281.2,204.1,378.9,364.8
Share buybacks,110.8,446.3,211.8,145.1,1080.1,741.8,1991.2,1500.5,0.6,2289.8
Dividends paid,0.0,0.0,0.0,0.0,0.0,0.0,0.0,0.0,0.0,0.0
Acquisitions,22.1,0.0,21.7,34.6,40.2,74.9,30.8,0.0,275.5,41.6
Stock-based compensation,122.4,137.2,162.9,174.1,191.7,207.9,217.3,249.0,257.9,279.5
Cash and short-term investments,1085.5,1251.3,1649.6,2065.6,1837.3,2513.1,2185.5,2419.4,4066.5,3582.5
Total debt,,,,,0.0,988.4,990.4,992.3,994.3,996.3
Finance lease liabilities,0.0,0.0,0.0,0.0,0.0,0.0,0.0,0.0,0.0,0.0
debt_and_leases,,,,,0.0,988.4,990.4,992.3,994.3,996.3
Current assets,1538.7,1716.8,2220.9,2769.0,2740.4,3600.6,3810.4,4428.3,5971.5,5900.2
Current liabilities,829.4,1027.2,1256.4,1455.8,1829.5,2318.1,3078.4,3719.0,4060.7,5034.0
Inventory,106.9,77.3,90.0,117.9,139.8,175.8,264.6,484.8,315.5,399.5
Total assets,2139.9,2257.9,3078.0,3879.2,4044.5,5919.1,6228.0,7258.9,9763.1,10389.2
Total liabilities,1302.3,1668.5,2067.8,2536.8,3188.5,5120.7,6509.6,7722.3,8269.3,9151.7
Shareholders' equity,837.7,602.0,1025.5,1342.4,856.0,781.7,-281.6,-463.4,1493.8,1237.5
"Property and equipment, net",137.2,245.4,271.4,344.3,448.0,687.6,898.5,1044.4,1349.5,1619.0
Gross margin (%),73.51,74.23,75.04,76.61,78.03,76.57,75.44,76.68,80.56,80.46
Operating margin (%),3.36,7.34,12.99,16.23,20.5,19.46,21.95,23.4,30.28,30.66
EBITDA margin (%),7.17,11.06,16.08,19.08,23.15,21.99,24.31,25.53,32.34,32.89
Net margin (%),2.52,2.1,18.56,15.34,18.83,18.16,19.41,21.64,29.3,27.26
Free cash flow margin (%),21.84,30.71,32.47,33.09,36.92,36.02,32.81,32.64,31.55,32.73
Return on invested capital (%),,,,,,,,,,
Return on capital employed (%),3.54,8.64,15.36,16.54,22.93,22.37,28.73,37.11,39.02,37.71
Return on equity (%),4.04,4.36,41.16,28.02,44.44,74.1,,,338.74,135.72
Return on assets (%),1.64,1.43,12.55,9.54,12.33,12.18,14.12,17.02,20.51,18.39
Revenue growth (%),26.37,17.21,20.72,19.86,19.94,28.82,32.17,20.09,12.27,14.17
Net income growth (%),303.16,-2.48,966.56,-0.96,47.27,24.22,41.28,33.89,52.05,6.2
Diluted EPS growth (%),260.0,0.0,966.67,-1.04,52.63,25.86,45.21,37.74,54.79,7.08
Free cash flow growth (%),13.59,64.85,27.62,22.17,33.81,25.68,20.4,19.46,8.54,18.44
Net debt to EBITDA (x),,,,,-3.06,-2.07,-1.11,-1.05,-1.59,-1.16
Debt to equity (x),,,,,0.0,1.26,,,0.67,0.81
Interest coverage (x),,,,,,43.65,53.87,59.1,90.17,103.72
Current ratio (x),1.86,1.67,1.77,1.9,1.5,1.55,1.24,1.19,1.47,1.17
Quick ratio (x),1.73,1.6,1.7,1.82,1.42,1.48,1.15,1.06,1.39,1.09
Free cash flow (US$m),278.5,459.1,585.9,715.8,957.8,1203.8,1449.4,1731.4,1879.2,2225.8
Capital expenditure to revenue (%),5.27,9.05,2.94,4.26,4.85,8.85,6.37,3.85,6.36,5.37
Buybacks plus dividends (US$m),110.8,446.3,211.8,145.1,1080.1,741.8,1991.2,1500.5,0.6,2289.8
Shareholder returns to free cash flow (%),39.78,97.21,36.15,20.27,112.77,61.62,137.38,86.66,0.03,102.88
Stock-based compensation to revenue (%),9.6,9.18,9.03,8.05,7.39,6.22,4.92,4.69,4.33,4.11
Change in diluted shares (%),0.09,1.02,-2.19,0.46,-4.19,-0.36,-3.59,-2.12,-2.07,-0.95
Piotroski F-score (score),,,,,,7.0,5.0,8.0,8.0,5.0
Piotroski tests run (score),,,,,,9,9,9,9,9
Altman Z'' (score),3.04,2.25,3.03,3.52,2.36,2.07,0.96,0.89,2.68,1.88
Accruals ratio (%),-15.95,-25.6,-11.39,-13.69,-15.02,-17.92,-14.38,-11.68,-6.03,-7.32
