"AMAZON COM INC (AMZN), US$ millions unless stated; fiscal years as labelled by the company; source: SEC EDGAR XBRL (Form 10-K), CIK 0001018724"
Item,FY2016,FY2017,FY2018,FY2019,FY2020,FY2021,FY2022,FY2023,FY2024,FY2025
Fiscal year end,2016-12-31,2017-12-31,2018-12-31,2019-12-31,2020-12-31,2021-12-31,2022-12-31,2023-12-31,2024-12-31,2025-12-31
Revenue,135987.0,177866.0,232887.0,280522.0,386064.0,469822.0,513983.0,574785.0,637959.0,716924.0
Gross profit,47722.0,65932.0,93731.0,114986.0,152757.0,197478.0,225152.0,270046.0,311671.0,360510.0
Research and development,,,,,,,,,,
Operating income,4186.0,4106.0,12421.0,14541.0,22899.0,24879.0,12248.0,36852.0,68593.0,79975.0
Interest expense,484.0,848.0,1417.0,1600.0,1647.0,1809.0,2367.0,3182.0,2406.0,2274.0
Pretax income,3892.0,3806.0,11261.0,13976.0,24178.0,38151.0,-5936.0,37557.0,68614.0,97311.0
Income tax,1425.0,769.0,1197.0,2374.0,2863.0,4791.0,-3217.0,7120.0,9265.0,19087.0
Net income,2371.0,3033.0,10073.0,11588.0,21331.0,33364.0,-2722.0,30425.0,59248.0,77670.0
Diluted EPS,0.25,0.31,1.01,1.15,2.09,3.24,-0.27,2.9,5.53,7.17
Diluted shares,9680.0,9860.0,10000.0,10080.0,10198.0,10296.0,10189.0,10492.0,10721.0,10827.0
Depreciation and amortization,8116.0,11478.0,15341.0,21789.0,25180.0,34433.0,41921.0,48663.0,52795.0,65756.0
Cash from operations,17203.0,18365.0,30723.0,38514.0,66064.0,46327.0,46752.0,84946.0,115877.0,139514.0
Capital expenditure,6737.0,11955.0,13427.0,16861.0,40140.0,61053.0,63645.0,52729.0,82999.0,131819.0
Share buybacks,0.0,0.0,0.0,0.0,0.0,0.0,6000.0,0.0,0.0,0.0
Dividends paid,0.0,0.0,0.0,0.0,0.0,0.0,0.0,0.0,0.0,0.0
Acquisitions,116.0,13972.0,2186.0,2461.0,0.0,0.0,0.0,0.0,0.0,0.0
Stock-based compensation,2975.0,4215.0,5418.0,6864.0,9208.0,12757.0,19621.0,24023.0,22011.0,19467.0
Cash and short-term investments,25981.0,30986.0,41250.0,55021.0,84396.0,96049.0,70026.0,86780.0,101202.0,123029.0
Total debt,8838.0,24942.0,24965.0,24820.0,33174.0,50553.0,70542.0,67329.0,58151.0,69291.0
Finance lease liabilities,0.0,0.0,0.0,26979.0,28434.0,23753.0,15783.0,12109.0,10602.0,12286.0
debt_and_leases,8838.0,24942.0,24965.0,51799.0,61608.0,74306.0,86325.0,79438.0,68753.0,81577.0
Current assets,45781.0,60197.0,75101.0,96334.0,132733.0,161580.0,146791.0,172351.0,190867.0,229083.0
Current liabilities,43816.0,57883.0,68391.0,87812.0,126385.0,142266.0,155393.0,164917.0,179431.0,218005.0
Inventory,11461.0,16047.0,17174.0,20497.0,23795.0,32640.0,34405.0,33318.0,34214.0,38325.0
Total assets,83402.0,131310.0,162648.0,225248.0,321195.0,420549.0,462675.0,527854.0,624894.0,818042.0
Total liabilities,64117.0,103601.0,119099.0,163188.0,227791.0,282304.0,316632.0,325979.0,338924.0,406977.0
Shareholders' equity,19285.0,27709.0,43549.0,62060.0,93404.0,138245.0,146043.0,201875.0,285970.0,411065.0
"Property and equipment, net",29114.0,48866.0,61797.0,72705.0,113114.0,160281.0,186715.0,204177.0,252665.0,357025.0
Gross margin (%),35.09,37.07,40.25,40.99,39.57,42.03,43.81,46.98,48.85,50.29
Operating margin (%),3.08,2.31,5.33,5.18,5.93,5.3,2.38,6.41,10.75,11.16
EBITDA margin (%),9.05,8.76,11.92,12.95,12.45,12.62,10.54,14.88,19.03,20.33
Net margin (%),1.74,1.71,4.33,4.13,5.53,7.1,-0.53,5.29,9.29,10.83
Free cash flow margin (%),7.7,3.6,7.43,7.72,6.71,-3.13,-3.29,5.61,5.15,1.07
Return on capital (%),,27.52,45.37,28.04,31.19,23.25,6.94,16.74,26.48,20.63
Return on capital employed (%),11.88,7.27,14.81,12.55,13.78,10.52,4.18,11.0,16.97,15.3
Return on equity (%),14.52,12.91,28.27,21.95,27.44,28.81,-1.91,17.49,24.29,22.29
Return on assets (%),3.2,2.83,6.85,5.97,7.81,9.0,-0.62,6.14,10.28,10.77
Revenue growth (%),27.08,30.8,30.93,20.45,37.62,21.7,9.4,11.83,10.99,12.38
Net income growth (%),297.82,27.92,232.11,15.04,84.08,56.41,-108.16,,94.73,31.09
Diluted EPS growth (%),292.0,25.51,227.48,14.25,81.66,55.02,-108.33,,90.69,29.66
Free cash flow growth (%),40.48,-38.75,169.83,25.19,19.72,-156.8,,,2.05,-76.6
Net debt to EBITDA (x),-1.39,-0.39,-0.59,-0.09,-0.47,-0.37,0.3,-0.09,-0.27,-0.28
Debt to equity (x),0.46,0.9,0.57,0.83,0.66,0.54,0.59,0.39,0.24,0.2
Interest coverage (x),8.65,4.84,8.77,9.09,13.9,13.75,5.17,11.58,28.51,35.17
Current ratio (x),1.04,1.04,1.1,1.1,1.05,1.14,0.94,1.05,1.06,1.05
Quick ratio (x),0.78,0.76,0.85,0.86,0.86,0.91,0.72,0.84,0.87,0.88
Free cash flow (US$m),10466.0,6410.0,17296.0,21653.0,25924.0,-14726.0,-16893.0,32217.0,32878.0,7695.0
Capital expenditure to revenue (%),4.95,6.72,5.77,6.01,10.4,12.99,12.38,9.17,13.01,18.39
Buybacks plus dividends (US$m),0.0,0.0,0.0,0.0,0.0,0.0,6000.0,0.0,0.0,0.0
Shareholder returns to free cash flow (%),0.0,0.0,0.0,0.0,0.0,,,0.0,0.0,0.0
Stock-based compensation to revenue (%),2.19,2.37,2.33,2.45,2.39,2.72,3.82,4.18,3.45,2.72
Change in diluted shares (%),1.47,1.86,1.42,0.8,1.17,0.96,-1.04,2.97,2.18,0.99
Piotroski F-score (score),7.0,5.0,7.0,5.0,5.0,6.0,4.0,8.0,7.0,6.0
Piotroski tests run (score),9,9,9,9,9,9,9,9,9,9
Altman Z'' (score),1.0,0.82,1.56,1.53,1.57,1.88,1.13,1.91,2.65,2.8
Accruals ratio (%),-20.02,-14.28,-14.05,-13.88,-16.37,-3.5,-11.2,-11.01,-9.83,-8.57
