"McDONALD’S CORPORATION (MCD), US$ millions unless stated; fiscal years as labelled by the company; source: SEC EDGAR XBRL (Form 10-K), CIK 0000063908"
Item,FY2016,FY2017,FY2018,FY2019,FY2020,FY2021,FY2022,FY2023,FY2024,FY2025
Fiscal year end,2016-12-31,2017-12-31,2018-12-31,2019-12-31,2020-12-31,2021-12-31,2022-12-31,2023-12-31,2024-12-31,2025-12-31
Revenue,24621.9,22820.4,21257.9,21364.4,19207.8,23222.9,23183.0,25494.0,25920.0,26885.0
Gross profit,,,,,,,,,,
Research and development,,,,,,,,,,
Operating income,7744.5,9552.7,8822.6,9069.8,7324.0,10356.0,9371.0,11647.0,11712.0,12393.0
Interest expense,884.8,921.3,981.2,1121.9,1218.1,1185.8,1207.0,1361.0,1506.0,1582.0
Pretax income,6866.0,8573.5,7816.1,8018.1,6140.7,9127.9,7826.0,10522.0,10344.0,10897.0
Income tax,2179.5,3381.2,1891.8,1992.7,1410.2,1582.7,1648.0,2053.0,2121.0,2334.0
Net income,4686.5,5192.3,5924.3,6025.4,4730.5,7545.2,6177.0,8469.0,8223.0,8563.0
Diluted EPS,5.44,6.37,7.54,7.88,6.31,10.04,8.33,11.56,11.39,11.95
Diluted shares,861.2,815.5,785.6,764.9,750.1,0.0,0.0,0.0,0.0,0.0
Depreciation and amortization,1516.5,1363.4,214.8,262.5,300.6,329.7,370.0,382.0,447.0,457.0
Cash from operations,6059.6,5551.2,6966.7,8122.1,6265.2,9141.5,7387.0,9612.0,9447.0,10551.0
Capital expenditure,1821.1,1853.7,2741.7,2393.7,1640.8,2040.0,1899.0,2357.0,2775.0,3365.0
Share buybacks,11171.0,4685.7,5207.7,4976.2,907.8,845.5,3896.0,3054.0,2824.0,2056.0
Dividends paid,3058.2,3089.2,3255.9,3581.9,3752.9,3918.6,4168.0,4533.0,4870.0,5115.0
Acquisitions,0.0,0.0,0.0,0.0,0.0,0.0,0.0,0.0,0.0,0.0
Stock-based compensation,131.3,117.5,125.1,109.6,92.4,139.2,167.0,175.0,172.0,165.0
Cash and short-term investments,1223.4,2463.8,866.0,898.5,3449.1,4709.2,2583.8,4579.0,1085.0,774.0
Total debt,25955.7,29536.4,31075.3,34177.2,37440.4,35622.7,35903.5,39693.0,39214.0,40771.0
Finance lease liabilities,0.0,0.0,0.0,0.0,0.0,0.0,0.0,1575.5,1780.0,2352.0
debt_and_leases,25955.7,29536.4,31075.3,34177.2,37440.4,35622.7,35903.5,41268.5,40994.0,43123.0
Current assets,4848.6,5327.2,4053.2,3557.9,6243.2,7148.5,5424.2,7986.0,4599.0,4163.0
Current liabilities,3468.3,2890.6,2973.5,3621.0,6181.2,4020.0,3802.1,6859.0,3861.0,4361.0
Inventory,58.9,58.8,51.1,50.2,51.1,55.6,52.0,53.0,56.0,61.0
Total assets,31023.9,33803.7,32811.2,47510.8,52626.8,53854.3,50436.0,56147.0,55182.0,59515.0
Total liabilities,33228.2,37071.7,39069.6,55721.1,60451.7,58455.3,56438.6,60854.0,58979.0,61306.0
Shareholders' equity,-2204.3,-3268.0,-6258.4,-8210.3,-7824.9,-4601.0,-6003.0,-4707.0,-3797.0,-1791.0
"Property and equipment, net",21257.6,22448.3,22842.7,24160.0,24958.2,24720.6,23773.6,24908.0,25295.0,28241.0
Gross margin (%),,,,,,,,,,
Operating margin (%),31.45,41.86,41.5,42.45,38.13,44.59,40.42,45.69,45.19,46.1
EBITDA margin (%),37.61,47.83,42.51,43.68,39.7,46.01,42.02,47.18,46.91,47.8
Net margin (%),19.03,22.75,27.87,28.2,24.63,32.49,26.64,33.22,31.72,31.85
Free cash flow margin (%),17.21,16.2,19.87,26.81,24.08,30.58,23.67,28.46,25.74,26.73
Return on invested capital (%),22.96,24.97,28.01,27.81,22.02,32.62,27.59,31.62,27.35,25.4
Return on capital employed (%),24.77,32.68,29.05,24.6,16.22,21.51,19.43,24.28,23.28,23.28
Return on equity (%),191.93,,,,,,,,,
Return on assets (%),13.59,16.02,17.79,15.0,9.45,14.17,11.85,15.89,14.77,14.93
Revenue growth (%),-3.11,-7.32,-6.85,0.5,-10.09,20.9,-0.17,9.97,1.67,3.72
Net income growth (%),3.47,10.79,14.1,1.71,-21.49,59.5,-18.13,37.11,-2.9,4.13
Diluted EPS growth (%),13.33,17.1,18.37,4.51,-19.92,59.11,-17.03,38.78,-1.47,4.92
Free cash flow growth (%),-10.3,-12.76,14.27,35.58,-19.27,53.57,-22.72,32.2,-8.04,7.7
Net debt to EBITDA (x),2.67,2.48,3.34,3.57,4.46,2.89,3.42,3.05,3.28,3.3
Debt to equity (x),,,,,,,,,,
Interest coverage (x),8.75,10.37,8.99,8.08,6.01,8.73,7.76,8.56,7.78,7.83
Current ratio (x),1.4,1.84,1.36,0.98,1.01,1.78,1.43,1.16,1.19,0.95
Quick ratio (x),1.38,1.82,1.35,0.97,1.0,1.76,1.41,1.16,1.18,0.94
Free cash flow (US$m),4238.5,3697.5,4225.0,5728.4,4624.4,7101.5,5488.0,7255.0,6672.0,7186.0
Capital expenditure to revenue (%),7.4,8.12,12.9,11.2,8.54,8.78,8.19,9.25,10.71,12.52
Buybacks plus dividends (US$m),14229.2,7774.9,8463.6,8558.1,4660.7,4764.1,8064.0,7587.0,7694.0,7171.0
Shareholder returns to free cash flow (%),335.71,210.27,200.32,149.4,100.78,67.09,146.94,104.58,115.32,99.79
Stock-based compensation to revenue (%),0.53,0.51,0.59,0.51,0.48,0.6,0.72,0.69,0.66,0.61
Change in diluted shares (%),-8.83,-5.31,-3.67,-2.63,-1.93,-100.0,-1.4,-1.21,-1.42,-0.76
Piotroski F-score (score),4.0,7.0,5.0,7.0,6.0,8.0,4.0,6.0,6.0,6.0
Piotroski tests run (score),8,8,8,8,8,8,8,8,8,8
Altman Z'' (score),6.76,6.94,6.87,4.75,4.15,5.07,5.2,5.13,5.39,5.2
Accruals ratio (%),-3.98,-1.11,-3.13,-5.22,-3.07,-3.0,-2.32,-2.14,-2.2,-3.47
