"GAP, INC (GAP), US$ millions unless stated; fiscal years as labelled by the company; source: SEC EDGAR XBRL (Form 10-K), CIK 0000039911"
Item,FY2016,FY2017,FY2018,FY2019,FY2020,FY2021,FY2022,FY2023,FY2024,FY2025
Fiscal year end,2017-01-28,2018-02-03,2019-02-02,2020-02-01,2021-01-30,2022-01-29,2023-01-28,2024-02-03,2025-02-01,2026-01-31
Revenue,15516.0,15855.0,16580.0,16383.0,13800.0,16670.0,15616.0,14889.0,15086.0,15366.0
Gross profit,5640.0,6066.0,6322.0,6133.0,4705.0,6637.0,5359.0,5775.0,6227.0,6268.0
Research and development,46.0,51.0,50.0,41.0,46.0,41.0,46.0,37.0,40.0,60.0
Operating income,1191.0,1479.0,1362.0,574.0,-862.0,810.0,-69.0,560.0,1112.0,1115.0
Interest expense,75.0,74.0,73.0,76.0,192.0,167.0,88.0,90.0,87.0,93.0
Pretax income,1124.0,1424.0,1322.0,528.0,-1102.0,323.0,-139.0,556.0,1137.0,1132.0
Income tax,448.0,576.0,319.0,177.0,-437.0,67.0,63.0,54.0,293.0,316.0
Net income,676.0,848.0,1003.0,351.0,-665.0,256.0,-202.0,502.0,844.0,816.0
Diluted EPS,1.69,2.14,2.59,0.93,-1.78,0.67,-0.55,1.34,2.2,2.13
Diluted shares,400.0,396.0,388.0,378.0,374.0,383.0,367.0,376.0,384.0,384.0
Depreciation and amortization,593.0,559.0,578.0,557.0,507.0,504.0,540.0,522.0,500.0,496.0
Cash from operations,1719.0,1380.0,1381.0,1411.0,237.0,809.0,607.0,1532.0,1486.0,1293.0
Capital expenditure,524.0,731.0,705.0,702.0,392.0,694.0,685.0,420.0,447.0,470.0
Share buybacks,0.0,315.0,398.0,200.0,0.0,201.0,123.0,0.0,75.0,155.0
Dividends paid,367.0,361.0,373.0,364.0,0.0,226.0,220.0,222.0,225.0,247.0
Acquisitions,0.0,0.0,0.0,69.0,0.0,135.0,0.0,0.0,0.0,0.0
Stock-based compensation,76.0,87.0,91.0,68.0,77.0,139.0,37.0,80.0,126.0,162.0
Cash and short-term investments,1783.0,1783.0,1369.0,1654.0,2398.0,877.0,1215.0,1873.0,2588.0,3002.0
Total debt,1338.0,1249.0,1255.0,1255.0,2216.0,1484.0,1486.0,1488.0,1490.0,1492.0
Finance lease liabilities,0.0,0.0,0.0,0.0,0.0,0.0,0.0,0.0,0.0,0.0
debt_and_leases,1338.0,1249.0,1255.0,1255.0,2216.0,1484.0,1486.0,1488.0,1490.0,1492.0
Current assets,4315.0,4568.0,4251.0,4516.0,6008.0,5165.0,4617.0,4395.0,5203.0,5777.0
Current liabilities,2453.0,2461.0,2174.0,3209.0,3884.0,4077.0,3256.0,3096.0,3256.0,3300.0
Inventory,1830.0,1997.0,2131.0,2156.0,2451.0,3018.0,2389.0,1995.0,2067.0,2207.0
Total assets,7610.0,7989.0,8049.0,13679.0,13769.0,12761.0,11386.0,11044.0,11885.0,12632.0
Total liabilities,4706.0,4845.0,4496.0,10363.0,11155.0,10039.0,9153.0,8449.0,8621.0,8831.0
Shareholders' equity,2904.0,3144.0,3553.0,3316.0,2614.0,2722.0,2233.0,2595.0,3264.0,3801.0
"Property and equipment, net",2616.0,2805.0,2912.0,3122.0,2841.0,3037.0,2688.0,2566.0,2496.0,2507.0
Gross margin (%),36.35,38.26,38.13,37.44,34.09,39.81,34.32,38.79,41.28,40.79
Operating margin (%),7.68,9.33,8.21,3.5,-6.25,4.86,-0.44,3.76,7.37,7.26
EBITDA margin (%),11.5,12.85,11.7,6.9,-2.57,7.88,3.02,7.27,10.69,10.48
Net margin (%),4.36,5.35,6.05,2.14,-4.82,1.54,-1.29,3.37,5.59,5.31
Free cash flow margin (%),7.7,4.09,4.08,4.33,-1.12,0.69,-0.5,7.47,6.89,5.36
Return on capital (%),26.7,34.75,34.17,12.01,-25.46,22.29,-1.87,21.45,37.73,36.07
Return on capital employed (%),23.6,27.68,23.89,7.02,-8.47,8.72,-0.82,6.97,13.42,12.42
Return on equity (%),24.81,28.04,29.95,10.22,-22.43,9.6,-8.15,20.8,28.81,23.1
Return on assets (%),8.96,10.87,12.51,3.23,-4.85,1.93,-1.67,4.48,7.36,6.66
Revenue growth (%),-1.78,2.18,4.57,-1.19,-15.77,20.8,-6.32,-4.66,1.32,1.86
Net income growth (%),-26.52,25.44,18.28,-65.0,-289.46,,-178.91,,68.13,-3.32
Diluted EPS growth (%),-24.22,26.63,21.03,-64.09,-291.4,,-182.09,,64.18,-3.18
Free cash flow growth (%),37.67,-45.69,4.16,4.88,-121.86,,-167.83,,-6.56,-20.79
Net debt to EBITDA (x),-0.25,-0.26,-0.06,-0.35,,0.46,0.58,-0.36,-0.68,-0.94
Debt to equity (x),0.46,0.4,0.35,0.38,0.85,0.55,0.67,0.57,0.46,0.39
Interest coverage (x),15.88,19.99,18.66,7.55,-4.49,4.85,-0.78,6.22,12.78,11.99
Current ratio (x),1.76,1.86,1.96,1.41,1.55,1.27,1.42,1.42,1.6,1.75
Quick ratio (x),1.01,1.04,0.98,0.74,0.92,0.53,0.68,0.78,0.96,1.08
Free cash flow (US$m),1195.0,649.0,676.0,709.0,-155.0,115.0,-78.0,1112.0,1039.0,823.0
Capital expenditure to revenue (%),3.38,4.61,4.25,4.28,2.84,4.16,4.39,2.82,2.96,3.06
Buybacks plus dividends (US$m),367.0,676.0,771.0,564.0,0.0,427.0,343.0,222.0,300.0,402.0
Shareholder returns to free cash flow (%),30.71,104.16,114.05,79.55,,371.3,,19.96,28.87,48.85
Stock-based compensation to revenue (%),0.49,0.55,0.55,0.42,0.56,0.83,0.24,0.54,0.84,1.05
Change in diluted shares (%),-3.15,-1.0,-2.02,-2.58,-1.06,2.41,-4.18,2.45,2.13,0.0
Piotroski F-score (score),8.0,9.0,7.0,5.0,4.0,7.0,5.0,7.0,8.0,6.0
Piotroski tests run (score),9,9,9,9,9,9,9,9,9,9
Altman Z'' (score),4.48,4.91,5.07,2.02,1.43,1.94,1.61,2.15,2.93,3.26
Accruals ratio (%),-13.83,-6.82,-4.71,-9.76,-6.57,-4.17,-6.7,-9.18,-5.6,-3.89
