"The Hartford Insurance Group, Inc. (HIG), US$ millions unless stated; fiscal years as labelled by the company; source: SEC EDGAR XBRL (Form 10-K), CIK 0000874766"
Item,FY2016,FY2017,FY2018,FY2019,FY2020,FY2021,FY2022,FY2023,FY2024,FY2025
Fiscal year end,2016-12-31,2017-12-31,2018-12-31,2019-12-31,2020-12-31,2021-12-31,2022-12-31,2023-12-31,2024-12-31,2025-12-31
Revenue,16291.0,17162.0,18955.0,20740.0,20523.0,22390.0,22362.0,24527.0,26535.0,28368.0
Gross profit,,,,,,,,,,
Research and development,,,,,,,,,,
Operating income,,,,,,,,,,
Interest expense,327.0,316.0,298.0,259.0,236.0,234.0,213.0,199.0,199.0,199.0
Pretax income,447.0,723.0,1753.0,2560.0,2120.0,2905.0,2262.0,3088.0,3849.0,4760.0
Income tax,-166.0,985.0,268.0,475.0,383.0,534.0,443.0,584.0,738.0,924.0
Net income,896.0,-3131.0,1807.0,2085.0,1737.0,2371.0,1819.0,2504.0,3111.0,3836.0
Diluted EPS,2.27,-8.61,4.95,5.66,4.76,6.64,5.46,7.97,10.35,13.32
Diluted shares,394.8,363.7,364.1,364.9,360.6,354.1,329.5,311.5,298.6,286.5
Depreciation and amortization,186.0,197.0,232.0,283.0,271.0,282.0,213.0,204.0,177.0,187.0
Cash from operations,2066.0,2186.0,2843.0,3489.0,3871.0,4093.0,4008.0,4220.0,5909.0,5922.0
Capital expenditure,224.0,250.0,122.0,105.0,114.0,133.0,175.0,215.0,145.0,169.0
Share buybacks,1330.0,1028.0,0.0,200.0,150.0,1702.0,1550.0,1400.0,1514.0,1615.0
Dividends paid,334.0,341.0,379.0,433.0,457.0,485.0,506.0,528.0,556.0,592.0
Acquisitions,175.0,1423.0,0.0,1901.0,0.0,0.0,0.0,0.0,0.0,0.0
Stock-based compensation,81.0,116.0,130.0,125.0,116.0,128.0,131.0,125.0,133.0,141.0
Cash and short-term investments,3572.0,2450.0,4404.0,3183.0,3522.0,4034.0,4203.0,4039.0,4302.0,4530.0
Total debt,4910.0,4998.0,4678.0,4848.0,4352.0,4944.0,4357.0,4362.0,4366.0,4371.0
Finance lease liabilities,0.0,0.0,0.0,0.0,0.0,0.0,0.0,0.0,0.0,0.0
debt_and_leases,4910.0,4998.0,4678.0,4848.0,4352.0,4944.0,4357.0,4362.0,4366.0,4371.0
Current assets,,,,,,,,,,
Current liabilities,,,,,,,,,,
Inventory,0.0,0.0,0.0,0.0,0.0,0.0,0.0,0.0,0.0,0.0
Total assets,224576.0,225260.0,62307.0,70817.0,74111.0,76578.0,73008.0,76780.0,80917.0,85997.0
Total liabilities,207673.0,211766.0,49206.0,54547.0,55555.0,58735.0,59332.0,61453.0,64470.0,67018.0
Shareholders' equity,16903.0,13494.0,13101.0,16270.0,18556.0,17805.0,13676.0,15327.0,16447.0,18979.0
"Property and equipment, net",991.0,1034.0,1006.0,1181.0,1122.0,1027.0,927.0,896.0,888.0,931.0
Gross margin (%),,,,,,,,,,
Operating margin (%),,,,,,,,,,
EBITDA margin (%),5.89,7.2,12.04,14.96,12.8,15.28,12.02,14.23,15.92,18.14
Net margin (%),5.5,-18.24,9.53,10.05,8.46,10.59,8.13,10.21,11.72,13.52
Free cash flow margin (%),11.31,11.28,14.36,16.32,18.31,17.69,17.14,16.33,21.72,20.28
Return on capital (%),,,11.81,14.67,10.34,13.45,12.23,18.08,20.35,22.62
Return on capital employed (%),,,,,,,,,,
Return on equity (%),5.19,-20.6,13.59,14.2,9.98,13.04,11.56,17.27,19.58,21.66
Return on assets (%),0.4,-1.39,1.26,3.13,2.4,3.15,2.43,3.34,3.95,4.6
Revenue growth (%),1.84,5.35,10.45,9.42,-1.05,9.1,-0.13,9.68,8.19,6.91
Net income growth (%),-46.73,-449.44,,15.38,-16.69,36.5,-23.28,37.66,24.24,23.3
Diluted EPS growth (%),-42.68,-479.3,,14.34,-15.9,39.5,-17.77,45.97,29.86,28.7
Free cash flow growth (%),-24.79,5.1,40.55,24.37,11.02,5.4,-3.21,4.49,43.92,-0.19
Net debt to EBITDA (x),1.39,2.06,0.12,0.54,0.32,0.27,0.06,0.09,0.02,-0.03
Debt to equity (x),0.29,0.37,0.36,0.3,0.23,0.28,0.32,0.28,0.27,0.23
Interest coverage (x),2.37,3.29,6.88,10.88,9.98,13.41,11.62,16.52,20.34,24.92
Current ratio (x),,,,,,,,,,
Quick ratio (x),,,,,,,,,,
Free cash flow (US$m),1842.0,1936.0,2721.0,3384.0,3757.0,3960.0,3833.0,4005.0,5764.0,5753.0
Capital expenditure to revenue (%),1.37,1.46,0.64,0.51,0.56,0.59,0.78,0.88,0.55,0.6
Buybacks plus dividends (US$m),1664.0,1369.0,379.0,633.0,607.0,2187.0,2056.0,1928.0,2070.0,2207.0
Shareholder returns to free cash flow (%),90.34,70.71,13.93,18.71,16.16,55.23,53.64,48.14,35.91,38.36
Stock-based compensation to revenue (%),0.5,0.68,0.69,0.6,0.57,0.57,0.59,0.51,0.5,0.5
Change in diluted shares (%),-7.15,-7.88,0.11,0.22,-1.18,-1.8,-6.95,-5.46,-4.14,-4.05
Piotroski F-score (score),,,,,,,,,,
Piotroski tests run (score),,,,,,,,,,
Altman Z'' (score),,,,,,,,,,
Accruals ratio (%),-0.52,-2.36,-0.72,-2.11,-2.94,-2.29,-2.93,-2.29,-3.55,-2.5
