"PAPA JOHN’S INTERNATIONAL, INC. (PZZA), US$ millions unless stated; fiscal years as labelled by the company; source: SEC EDGAR XBRL (Form 10-K), CIK 0000901491"
Item,FY2016,FY2017,FY2018,FY2019,FY2020,FY2021,FY2022,FY2023,FY2024,FY2025
Fiscal year end,2016-12-25,2017-12-31,2018-12-30,2019-12-29,2020-12-27,2021-12-26,2022-12-25,2023-12-31,2024-12-29,2025-12-28
Revenue,1713.6,1783.4,1662.9,1619.2,1813.2,2068.4,2102.1,2135.7,2059.4,2053.8
Gross profit,,,,,,,,,,
Research and development,,,,,,,,,,
Operating income,164.5,151.0,31.6,24.5,90.3,168.2,109.0,147.1,156.7,89.1
Interest expense,7.4,11.3,25.7,20.6,17.0,19.2,26.7,37.3,41.1,39.9
Pretax income,158.8,140.3,6.7,5.0,75.4,150.9,83.8,103.7,114.1,48.4
Income tax,49.7,33.8,2.6,-0.6,14.7,26.0,14.4,20.9,29.9,16.3
Net income,102.8,102.3,2.5,4.9,57.9,120.0,67.8,82.1,83.5,30.5
Diluted EPS,2.74,2.83,0.08,-0.24,1.28,0.12,1.89,2.48,2.54,0.9
Diluted shares,37.6,36.5,32.3,31.6,32.7,35.3,35.7,33.2,32.8,32.9
Depreciation and amortization,41.0,43.7,46.4,47.3,49.7,48.8,52.0,64.1,69.4,92.2
Cash from operations,150.3,135.0,92.5,61.7,186.4,184.7,117.8,193.1,106.6,126.0
Capital expenditure,55.6,52.6,42.0,37.7,35.7,68.6,78.4,76.6,72.5,64.7
Share buybacks,122.4,209.6,158.0,0.0,2.7,72.5,125.0,210.3,2.1,0.0
Dividends paid,27.9,30.7,29.0,28.6,29.4,40.4,54.8,58.5,60.6,61.1
Acquisitions,13.4,0.0,0.0,0.0,0.0,0.7,1.2,5.6,0.1,0.0
Stock-based compensation,10.1,10.4,9.9,15.3,16.3,16.9,18.4,17.9,9.6,15.0
Cash and short-term investments,15.6,22.3,33.3,27.9,130.2,70.6,47.4,40.6,38.0,34.6
Total debt,299.8,466.6,621.1,367.3,348.3,480.7,597.1,757.4,741.6,722.3
Finance lease liabilities,0.0,0.0,0.0,9.4,17.1,21.6,25.9,33.2,30.2,40.8
debt_and_leases,299.8,466.6,621.1,376.7,365.4,502.3,622.9,790.6,771.8,763.1
Current assets,145.6,170.0,196.3,181.5,306.4,255.0,251.0,231.0,230.6,237.4
Current liabilities,128.0,132.9,188.9,207.9,288.9,287.4,265.2,304.6,278.0,291.0
Inventory,25.1,30.6,27.2,27.5,30.3,35.0,41.4,36.1,35.2,34.3
Total assets,512.6,555.6,595.9,730.7,872.8,885.7,864.2,875.0,889.0,837.5
Total liabilities,494.3,654.8,894.4,790.5,881.3,1052.7,1133.7,1317.8,1302.3,1270.2
Shareholders' equity,-3.9,-121.7,-319.2,-332.3,-282.2,-187.7,-286.4,-459.1,-429.5,-444.8
"Property and equipment, net",230.5,234.3,226.9,211.7,200.9,223.9,249.8,282.8,273.3,251.3
Gross margin (%),,,,,,,,,,
Operating margin (%),9.6,8.47,1.9,1.52,4.98,8.13,5.19,6.89,7.61,4.34
EBITDA margin (%),11.99,10.92,4.69,4.44,7.72,10.49,7.66,9.89,10.98,8.83
Net margin (%),6.0,5.74,0.15,0.3,3.19,5.8,3.22,3.84,4.05,1.49
Free cash flow margin (%),5.53,4.62,3.03,1.48,8.32,5.61,1.88,5.45,1.66,2.98
Return on capital (%),39.63,36.26,6.17,15.53,,122.47,32.0,38.45,36.93,19.26
Return on capital employed (%),44.13,37.42,7.61,5.28,16.31,28.46,18.21,25.16,26.53,15.4
Return on equity (%),,,,,,,,,,
Return on assets (%),20.43,19.15,0.43,0.73,7.23,13.65,7.75,9.44,9.47,3.54
Revenue growth (%),4.66,4.07,-6.76,-2.62,11.98,14.07,1.63,1.6,-3.57,-0.27
Net income growth (%),35.86,-0.51,-97.58,96.69,1090.55,107.17,-43.53,21.14,1.69,-63.43
Diluted EPS growth (%),44.97,3.28,-97.17,-400.0,,-90.62,1475.0,31.22,2.42,-64.57
Free cash flow growth (%),-27.98,-13.01,-38.79,-52.33,527.29,-22.99,-66.05,195.39,-70.67,79.53
Net debt to EBITDA (x),1.38,2.28,7.54,4.86,1.68,1.99,3.57,3.55,3.25,4.02
Debt to equity (x),,,,,,,,,,
Interest coverage (x),22.24,13.38,1.23,1.19,5.3,8.76,4.09,3.94,3.81,2.23
Current ratio (x),1.14,1.28,1.04,0.87,1.06,0.89,0.95,0.76,0.83,0.82
Quick ratio (x),0.94,1.05,0.9,0.74,0.96,0.77,0.79,0.64,0.7,0.7
Free cash flow (US$m),94.7,82.38,50.43,24.04,150.79,116.12,39.42,116.43,34.15,61.31
Capital expenditure to revenue (%),3.24,2.95,2.53,2.33,1.97,3.31,3.73,3.59,3.52,3.15
Buybacks plus dividends (US$m),150.28,240.31,187.03,28.55,32.06,112.85,179.77,268.8,62.64,61.14
Shareholder returns to free cash flow (%),158.68,291.7,370.91,118.78,21.26,97.19,456.06,230.86,183.43,99.73
Stock-based compensation to revenue (%),0.59,0.58,0.6,0.95,0.9,0.82,0.87,0.84,0.47,0.73
Change in diluted shares (%),-5.98,-2.89,-11.56,-2.07,3.43,8.01,1.08,-7.16,-1.03,0.38
Piotroski F-score (score),6.0,6.0,4.0,6.0,6.0,4.0,5.0,6.0,7.0,4.0
Piotroski tests run (score),8,8,8,8,8,8,8,8,8,8
Altman Z'' (score),3.8,3.81,1.41,0.49,1.33,1.54,1.23,1.04,1.39,0.76
Accruals ratio (%),-9.42,-6.12,-15.63,-8.58,-16.03,-7.35,-5.72,-12.76,-2.62,-11.06
