"CROCS, INC. (CROX), US$ millions unless stated; fiscal years as labelled by the company; source: SEC EDGAR XBRL (Form 10-K), CIK 0001334036"
Item,FY2016,FY2017,FY2018,FY2019,FY2020,FY2021,FY2022,FY2023,FY2024,FY2025
Fiscal year end,2016-12-31,2017-12-31,2018-12-31,2019-12-31,2020-12-31,2021-12-31,2022-12-31,2023-12-31,2024-12-31,2025-12-31
Revenue,1036.3,1023.5,1088.2,1230.6,1386.0,2313.4,3555.0,3962.3,4102.1,4040.6
Gross profit,500.2,517.2,560.2,617.1,749.9,1420.2,1860.3,2210.0,2410.3,2357.1
Research and development,11.9,13.4,14.1,11.8,10.2,13.7,18.7,21.4,25.6,29.6
Operating income,-6.2,17.3,62.9,128.6,214.1,683.1,850.8,1036.8,1021.9,149.5
Interest expense,0.8,0.9,1.0,8.6,6.7,21.6,136.2,161.4,109.3,88.3
Pretax income,-7.2,18.2,65.2,119.3,207.0,663.8,718.5,876.3,910.6,73.0
Income tax,9.3,7.9,14.7,-0.2,-105.9,-61.8,178.3,83.7,-39.5,154.2
Net income,-16.5,10.2,50.4,119.5,312.9,725.7,540.2,792.6,950.1,-81.2
Diluted EPS,-0.43,-0.07,-1.01,1.66,4.56,11.39,8.71,12.79,15.88,-1.5
Diluted shares,73.4,72.3,68.4,71.8,68.5,63.7,62.0,62.0,59.8,54.2
Depreciation and amortization,34.0,33.1,29.2,24.2,27.6,32.0,39.2,54.3,69.8,79.3
Cash from operations,39.8,98.3,114.2,90.0,266.9,567.2,603.1,930.4,992.5,710.4
Capital expenditure,22.2,13.1,12.0,36.6,42.0,55.9,104.2,115.6,69.3,51.2
Share buybacks,0.0,50.0,63.1,147.2,170.8,1000.0,0.0,175.0,552.5,582.3
Dividends paid,0.0,0.0,0.0,0.0,0.0,0.0,0.0,0.0,0.0,0.0
Acquisitions,0.0,0.0,0.0,0.0,0.0,0.0,2046.9,0.0,0.0,0.0
Stock-based compensation,10.7,9.8,13.1,14.4,16.4,38.1,31.3,29.1,33.1,36.7
Cash and short-term investments,147.6,172.1,123.4,108.3,135.8,213.2,191.6,149.3,180.5,130.4
Total debt,2.4,0.7,120.0,205.0,180.0,771.4,2322.4,1664.3,1349.3,1230.9
Finance lease liabilities,0.0,0.0,0.0,0.0,0.0,0.0,0.0,0.0,0.0,0.0
debt_and_leases,2.4,0.7,120.0,205.0,180.0,771.4,2322.4,1664.3,1349.3,1230.9
Current assets,425.5,425.0,380.3,425.4,492.8,666.6,1026.0,910.7,872.3,885.9
Current liabilities,149.1,157.0,184.5,257.2,291.6,388.2,641.3,698.3,740.2,700.1
Inventory,147.0,130.3,124.5,172.0,175.1,213.5,471.6,385.1,356.3,368.7
Total assets,566.4,543.7,468.9,738.8,1118.7,1545.1,4501.8,4643.8,4812.2,4174.8
Total liabilities,167.1,175.4,318.6,606.9,828.1,1531.0,3683.9,3189.9,2976.4,2881.5
Shareholders' equity,220.4,185.9,150.3,131.9,290.6,14.1,817.9,1453.9,1835.7,1293.3
"Property and equipment, net",44.1,35.0,22.2,47.4,57.5,108.4,181.5,238.3,244.3,238.2
Gross margin (%),48.27,50.53,51.48,50.14,54.11,61.39,52.33,55.78,58.76,58.33
Operating margin (%),-0.59,1.69,5.78,10.45,15.45,29.53,23.93,26.17,24.91,3.7
EBITDA margin (%),2.69,4.93,8.47,12.42,17.44,30.91,25.03,27.54,26.61,5.66
Net margin (%),-1.59,1.0,4.63,9.71,22.57,31.37,15.19,20.0,23.16,-2.01
Free cash flow margin (%),1.69,8.32,9.39,4.34,16.22,22.1,14.04,20.56,22.5,16.31
Return on capital (%),-5.28,,60.38,68.5,76.0,150.6,36.33,31.69,34.21,2.77
Return on capital employed (%),-1.43,4.31,18.76,33.59,32.72,68.86,33.91,26.56,25.49,3.96
Return on equity (%),-7.07,5.04,30.01,84.69,148.09,476.31,129.84,69.77,57.76,-5.19
Return on assets (%),-2.81,1.84,9.96,19.79,33.69,54.49,17.87,17.33,20.09,-1.81
Revenue growth (%),-4.98,-1.23,6.32,13.08,12.62,66.92,53.67,11.46,3.53,-1.5
Net income growth (%),,,392.65,136.92,161.81,131.95,-25.57,46.73,19.87,-108.55
Diluted EPS growth (%),,,,,174.7,149.78,-23.53,46.84,24.16,-109.45
Free cash flow growth (%),,384.89,20.01,-47.76,321.24,127.35,-2.41,63.31,13.29,-28.59
Net debt to EBITDA (x),-5.21,-3.4,-0.04,0.63,0.18,0.78,2.39,1.39,1.07,4.81
Debt to equity (x),0.01,0.0,0.8,1.55,0.62,,2.84,1.14,0.74,0.95
Interest coverage (x),-7.36,19.95,65.91,14.9,31.76,31.55,6.25,6.43,9.35,1.69
Current ratio (x),2.85,2.71,2.06,1.65,1.69,1.72,1.6,1.3,1.18,1.27
Quick ratio (x),1.87,1.88,1.39,0.98,1.09,1.17,0.86,0.75,0.7,0.74
Free cash flow (US$m),17.56,85.15,102.18,53.38,224.87,511.25,498.95,814.82,923.14,659.2
Capital expenditure to revenue (%),2.14,1.28,1.1,2.97,3.03,2.42,2.93,2.92,1.69,1.27
Buybacks plus dividends (US$m),0.0,50.0,63.13,147.19,170.83,1000.0,0.0,175.02,552.45,582.32
Shareholder returns to free cash flow (%),0.0,58.72,61.78,275.73,75.97,195.6,0.0,21.48,59.84,88.34
Stock-based compensation to revenue (%),1.04,0.95,1.2,1.17,1.18,1.65,0.88,0.73,0.81,0.91
Change in diluted shares (%),-2.95,-1.52,-5.31,4.9,-4.5,-7.04,-2.69,-0.09,-3.42,-9.4
Piotroski F-score (score),8.0,8.0,7.0,4.0,7.0,7.0,5.0,6.0,8.0,5.0
Piotroski tests run (score),9,9,9,9,9,9,9,9,9,9
Altman Z'' (score),5.64,5.7,4.98,3.95,4.45,6.86,3.38,4.11,4.67,3.72
Accruals ratio (%),-9.58,-15.86,-12.59,4.89,4.95,11.9,-2.08,-3.02,-0.9,-17.62
