"Medtronic plc (MDT), US$ millions unless stated; fiscal years as labelled by the company; source: SEC EDGAR XBRL (Form 10-K), CIK 0001613103"
Item,FY2017,FY2018,FY2019,FY2020,FY2021,FY2022,FY2023,FY2024,FY2025,FY2026
Fiscal year end,2017-04-28,2018-04-27,2019-04-26,2020-04-24,2021-04-30,2022-04-29,2023-04-28,2024-04-26,2025-04-25,2026-04-24
Revenue,29710.0,29953.0,30557.0,28913.0,30117.0,31686.0,31227.0,32364.0,33537.0,36364.0
Gross profit,20419.0,20898.0,21402.0,19489.0,19634.0,21541.0,20508.0,21148.0,21905.0,23643.0
Research and development,2193.0,2256.0,2330.0,2331.0,2493.0,2746.0,2696.0,2735.0,2732.0,2873.0
Operating income,5383.0,6640.0,6268.0,4791.0,4484.0,5752.0,5485.0,5144.0,5955.0,6467.0
Interest expense,1094.0,1146.0,1444.0,1092.0,925.0,553.0,636.0,719.0,729.0,715.0
Pretax income,4602.0,5675.0,5197.0,4055.0,3895.0,5517.0,5364.0,4837.0,5628.0,6136.0
Income tax,578.0,2580.0,547.0,-751.0,265.0,456.0,1580.0,1133.0,936.0,1299.0
Net income,4028.0,3104.0,4631.0,4789.0,3606.0,5039.0,3758.0,3676.0,4662.0,4801.0
Diluted EPS,2.89,2.27,3.41,3.54,2.66,3.73,2.82,2.76,3.61,3.73
Diluted shares,1391.4,1368.2,1357.5,1351.1,1354.0,1351.4,1332.8,1330.2,1289.9,1288.1
Depreciation and amortization,2917.0,2644.0,2659.0,2663.0,2702.0,2707.0,2697.0,2647.0,2861.0,2958.0
Cash from operations,6880.0,4684.0,7007.0,7234.0,6240.0,7346.0,6039.0,6787.0,7044.0,7330.0
Capital expenditure,1254.0,1068.0,1134.0,1213.0,1355.0,1368.0,1459.0,1587.0,1859.0,1904.0
Share buybacks,3544.0,2171.0,2877.0,1326.0,652.0,2544.0,645.0,2138.0,3235.0,1035.0
Dividends paid,2376.0,2494.0,2693.0,2894.0,3120.0,3383.0,3616.0,3666.0,3589.0,3639.0
Acquisitions,1324.0,137.0,1827.0,488.0,994.0,91.0,1867.0,211.0,98.0,406.0
Stock-based compensation,348.0,344.0,290.0,297.0,344.0,359.0,355.0,393.0,429.0,457.0
Cash and short-term investments,13708.0,11227.0,9848.0,10948.0,10817.0,10573.0,7959.0,8005.0,8965.0,9220.0
Total debt,33368.0,25750.0,25390.0,24916.0,,20372.0,24344.0,25005.0,25642.0,26173.0
Finance lease liabilities,0.0,0.0,0.0,50.0,71.0,62.0,64.0,61.0,58.0,60.0
debt_and_leases,33368.0,25750.0,25390.0,24966.0,,20372.0,24344.0,25005.0,25642.0,26173.0
Current assets,24873.0,22980.0,21967.0,22031.0,22548.0,23059.0,21675.0,21935.0,23814.0,24787.0
Current liabilities,14264.0,10084.0,8472.0,10366.0,8509.0,12394.0,9051.0,10789.0,12879.0,11658.0
Inventory,3338.0,3579.0,3753.0,4229.0,4313.0,4616.0,5293.0,5217.0,5476.0,5951.0
Total assets,99857.0,91393.0,89694.0,90689.0,93083.0,90981.0,90948.0,89981.0,91680.0,93028.0
Total liabilities,49527.0,40571.0,39482.0,39817.0,41481.0,38260.0,39283.0,39561.0,43424.0,42956.0
Shareholders' equity,50208.0,50720.0,50091.0,50737.0,51428.0,52551.0,51483.0,50214.0,48024.0,49463.0
"Property and equipment, net",4361.0,4604.0,4675.0,4828.0,5221.0,5413.0,5569.0,6131.0,6837.0,7417.0
Gross margin (%),68.73,69.77,70.04,67.41,65.19,67.98,65.67,65.34,65.32,65.02
Operating margin (%),18.12,22.17,20.51,16.57,14.89,18.15,17.56,15.89,17.76,17.78
EBITDA margin (%),27.94,31.0,29.21,25.78,23.86,26.7,26.2,24.07,26.29,25.92
Net margin (%),13.56,10.36,15.16,16.56,11.97,15.9,12.03,11.36,13.9,13.2
Free cash flow margin (%),18.94,12.07,19.22,20.82,16.22,18.87,14.67,16.07,15.46,14.92
Return on invested capital (%),6.71,5.35,8.56,7.33,,,5.93,5.82,7.5,7.73
Return on capital employed (%),6.05,7.96,7.71,5.93,5.44,7.05,6.84,6.39,7.54,8.08
Return on equity (%),7.88,6.15,9.19,9.5,7.06,9.69,7.22,7.23,9.49,9.85
Return on assets (%),4.04,3.25,5.11,5.31,3.92,5.48,4.13,4.06,5.13,5.2
Revenue growth (%),3.04,0.82,2.02,-5.38,4.16,5.21,-1.45,3.64,3.62,8.43
Net income growth (%),13.85,-22.94,49.19,3.41,-24.7,39.74,-25.42,-2.18,26.82,2.98
Diluted EPS growth (%),16.53,-21.45,50.22,3.81,-24.86,40.23,-24.4,-2.13,30.8,3.32
Free cash flow growth (%),34.85,-35.73,62.42,2.52,-18.87,22.37,-23.39,13.54,-0.29,4.65
Net debt to EBITDA (x),2.37,1.56,1.74,1.88,,1.16,2.0,2.18,1.89,1.8
Debt to equity (x),0.66,0.51,0.51,0.49,,0.39,0.47,0.5,0.53,0.53
Interest coverage (x),4.92,5.79,4.34,4.39,4.85,10.4,8.62,7.15,8.17,9.04
Current ratio (x),1.74,2.28,2.59,2.13,2.65,1.86,2.39,2.03,1.85,2.13
Quick ratio (x),1.51,1.92,2.15,1.72,2.14,1.49,1.81,1.55,1.42,1.62
Free cash flow (US$m),5626.0,3616.0,5873.0,6021.0,4885.0,5978.0,4580.0,5200.0,5185.0,5426.0
Capital expenditure to revenue (%),4.22,3.57,3.71,4.2,4.5,4.32,4.67,4.9,5.54,5.24
Buybacks plus dividends (US$m),5920.0,4665.0,5570.0,4220.0,3772.0,5927.0,4261.0,5804.0,6824.0,4674.0
Shareholder returns to free cash flow (%),105.23,129.01,94.84,70.09,77.22,99.15,93.03,111.62,131.61,86.14
Stock-based compensation to revenue (%),1.17,1.15,0.95,1.03,1.14,1.13,1.14,1.21,1.28,1.26
Change in diluted shares (%),-2.42,-1.67,-0.78,-0.47,0.21,-0.19,-1.38,-0.2,-3.03,-0.14
Piotroski F-score (score),7.0,8.0,8.0,6.0,,,6.0,5.0,6.0,7.0
Piotroski tests run (score),9,9,9,9,,,9,9,9,9
Altman Z'' (score),2.89,3.6,3.75,3.55,3.62,3.72,3.79,3.64,3.51,3.76
Accruals ratio (%),-2.86,-1.65,-2.62,-2.71,-2.87,-2.51,-2.51,-3.44,-2.62,-2.74
