"BlackBerry Limited (BB), US$ millions unless stated; fiscal years as labelled by the company; source: SEC EDGAR XBRL (Form 10-K), CIK 0001070235"
Item,FY2018,FY2019,FY2020,FY2021,FY2022,FY2023,FY2024,FY2025,FY2026
Fiscal year end,2018-02-28,2019-02-28,2020-02-29,2021-02-28,2022-02-28,2023-02-28,2024-02-29,2025-02-28,2026-02-28
Revenue,932.0,904.0,1040.0,893.0,718.0,526.3,759.1,534.9,549.1
Gross profit,670.0,698.0,763.0,643.0,467.0,366.6,490.7,394.9,418.2
Research and development,239.0,219.0,259.0,215.0,219.0,134.2,127.1,108.8,113.6
Operating income,283.0,60.0,-149.0,-1107.0,-2.0,-206.8,11.0,0.8,48.3
Interest expense,0.0,24.0,23.0,15.0,6.0,6.4,5.6,6.0,6.0
Pretax income,406.0,77.0,-148.0,-1113.0,19.0,-201.8,29.8,8.5,59.0
Income tax,1.0,-16.0,4.0,-9.0,7.0,13.7,24.2,17.0,5.8
Net income,405.0,93.0,-152.0,-1104.0,12.0,-734.4,-130.2,-79.0,53.2
Diluted EPS,0.74,0,-0.32,-1.97,-0.31,-1.35,-0.22,-0.13,0.09
Diluted shares,545.9,616.5,614.4,561.3,631.4,639.5,592.5,591.5,597.6
Depreciation and amortization,177.0,149.0,212.0,198.0,176.0,104.7,58.5,44.7,17.8
Cash from operations,704.0,100.0,26.0,82.0,-28.0,-262.2,-3.5,16.5,50.3
Capital expenditure,15.0,17.0,12.0,8.0,8.0,7.3,7.1,3.1,3.8
Share buybacks,18.0,0.0,0.0,0.0,0.0,0.0,0.0,0.0,60.7
Dividends paid,0.0,0.0,0.0,0.0,0.0,0.0,0.0,0.0,0.0
Acquisitions,0.0,1402.0,0.0,0.0,0.0,0.0,0.0,0.0,0.0
Stock-based compensation,49.0,67.0,63.0,44.0,36.0,33.9,33.1,25.6,23.2
Cash and short-term investments,816.0,916.0,909.0,739.0,712.0,426.7,237.1,337.8,359.9
Total debt,,,,,,0.0,194.1,195.3,196.5
Finance lease liabilities,0.0,0.0,1.0,0.0,0.0,0.0,0.0,0.0,0.0
debt_and_leases,,,,,,0.0,194.1,195.3,196.5
Current assets,,1233.0,1196.0,1006.0,1043.0,743.0,507.5,591.5,568.2
Current liabilities,,510.0,1121.0,429.0,397.0,729.0,356.9,344.3,268.1
Inventory,0.0,0.0,0.0,0.0,0.0,0.0,0.0,0.0,0.0
Total assets,,3968.0,3888.0,2818.0,2567.0,1679.0,1395.0,1295.6,1245.2
Total liabilities,,1332.0,1359.0,1314.0,1011.0,822.0,619.9,575.7,499.2
Shareholders' equity,2505.0,2636.0,2529.0,1504.0,1555.9,856.8,775.1,719.9,746.0
"Property and equipment, net",,85.0,70.0,48.0,41.0,25.0,21.2,13.4,12.3
Gross margin (%),71.89,77.21,73.37,72.0,65.04,69.66,64.64,73.83,76.16
Operating margin (%),30.36,6.64,-14.33,-123.96,-0.28,-39.29,1.45,0.15,8.8
EBITDA margin (%),49.36,23.12,6.06,-101.79,24.23,-19.4,9.16,8.51,12.04
Net margin (%),43.45,10.29,-14.62,-123.63,1.67,-139.54,-17.15,-14.77,9.69
Free cash flow margin (%),73.93,9.18,1.35,8.29,-5.01,-51.21,-1.4,2.51,8.47
Return on capital (%),,,,,,,0.95,0.06,7.51
Return on capital employed (%),,,-4.79,-42.94,-0.09,-13.26,1.11,0.08,5.01
Return on equity (%),,,-5.89,-54.75,0.78,-60.88,-15.96,-10.57,7.26
Return on assets (%),,,-3.87,-32.93,0.45,-34.59,-8.47,-5.87,4.19
Revenue growth (%),,-3.0,15.04,-14.13,-19.6,-26.7,44.23,-29.53,2.65
Net income growth (%),,-77.04,-263.44,,,-6220.0,,,
Diluted EPS growth (%),,-100.0,,,,,,,
Free cash flow growth (%),,-87.95,-83.13,428.57,-148.65,,,,247.01
Net debt to EBITDA (x),,,,,,,-0.62,-3.13,-2.47
Debt to equity (x),,,,,,0.0,0.25,0.27,0.26
Interest coverage (x),,2.5,-6.48,-73.8,-0.33,-32.31,1.96,0.13,8.05
Current ratio (x),,2.42,1.07,2.34,2.63,1.02,1.42,1.72,2.12
Quick ratio (x),,2.42,1.07,2.34,2.63,1.02,1.42,1.72,2.12
Free cash flow (US$m),689.0,83.0,14.0,74.0,-36.0,-269.5,-10.6,13.4,46.5
Capital expenditure to revenue (%),1.61,1.88,1.15,0.9,1.11,1.39,0.94,0.58,0.69
Buybacks plus dividends (US$m),18.0,0.0,0.0,0.0,0.0,0.0,0.0,0.0,60.7
Shareholder returns to free cash flow (%),2.61,0.0,0.0,0.0,,,,0.0,130.54
Stock-based compensation to revenue (%),5.26,7.41,6.06,4.93,5.01,6.44,4.36,4.79,4.23
Change in diluted shares (%),,12.93,-0.34,-8.64,12.49,1.27,-7.35,-0.17,1.03
Piotroski F-score (score),,,,,,,5.0,6.0,6.0
Piotroski tests run (score),,,,,,,9,9,9
Altman Z'' (score),,3.35,1.66,-1.61,1.62,-3.62,-2.97,-3.06,-2.26
Accruals ratio (%),,,-4.53,-35.37,1.49,-22.24,-8.24,-7.1,0.23
