"GILEAD SCIENCES, INC. (GILD), US$ millions unless stated; fiscal years as labelled by the company; source: SEC EDGAR XBRL (Form 10-K), CIK 0000882095"
Item,FY2016,FY2017,FY2018,FY2019,FY2020,FY2021,FY2022,FY2023,FY2024,FY2025
Fiscal year end,2016-12-31,2017-12-31,2018-12-31,2019-12-31,2020-12-31,2021-12-31,2022-12-31,2023-12-31,2024-12-31,2025-12-31
Revenue,30390.0,26107.0,22127.0,22449.0,24689.0,27305.0,27281.0,27116.0,28754.0,29443.0
Gross profit,26129.0,21736.0,17274.0,17774.0,20117.0,20704.0,21624.0,20618.0,22503.0,23209.0
Research and development,5098.0,3734.0,5018.0,9106.0,4927.0,4601.0,4977.0,5718.0,5907.0,5799.0
Operating income,17633.0,14124.0,8200.0,4287.0,4071.0,9918.0,7330.0,7605.0,1662.0,10022.0
Interest expense,964.0,1118.0,1077.0,995.0,984.0,1001.0,935.0,944.0,977.0,1024.0
Pretax income,17097.0,13529.0,7799.0,5160.0,1669.0,8278.0,5814.0,6859.0,690.0,9796.0
Income tax,3609.0,8885.0,2339.0,-204.0,1580.0,2077.0,1248.0,1247.0,211.0,1286.0
Net income,13501.0,4628.0,5455.0,5386.0,123.0,6225.0,4592.0,5665.0,480.0,8510.0
Diluted EPS,9.94,3.51,4.17,4.22,0.1,4.93,3.64,4.5,0.38,6.78
Diluted shares,1358.0,1319.0,1308.0,1277.0,1263.0,1262.0,1262.0,1258.0,1255.0,1255.0
Depreciation and amortization,177.0,233.0,226.0,255.0,1488.0,2029.0,2123.0,2654.0,2781.0,2770.0
Cash from operations,17047.0,11898.0,8400.0,9144.0,8168.0,11384.0,9072.0,8006.0,10828.0,10019.0
Capital expenditure,748.0,590.0,924.0,825.0,650.0,579.0,728.0,585.0,523.0,563.0
Share buybacks,11001.0,954.0,2900.0,1749.0,1583.0,546.0,1396.0,1000.0,1150.0,1922.0
Dividends paid,2455.0,2731.0,2971.0,3222.0,3449.0,3605.0,3709.0,3809.0,3918.0,4003.0
Acquisitions,0.0,10426.0,0.0,4251.0,25920.0,1584.0,1797.0,1152.0,4840.0,1070.0
Stock-based compensation,380.0,638.0,845.0,636.0,643.0,635.0,637.0,766.0,835.0,894.0
Cash and short-term investments,11895.0,25510.0,30089.0,24352.0,7408.0,6520.0,6385.0,7264.0,9991.0,7632.0
Total debt,26346.0,33542.0,27322.0,24593.0,31402.0,26695.0,25229.0,24987.0,26710.0,24937.0
Finance lease liabilities,0.0,0.0,0.0,0.0,0.0,0.0,0.0,0.0,0.0,0.0
debt_and_leases,26346.0,33542.0,27322.0,24593.0,31402.0,26695.0,25229.0,24987.0,26710.0,24937.0
Current assets,19588.0,31823.0,35836.0,30296.0,15996.0,14772.0,14443.0,16085.0,19173.0,18342.0
Current liabilities,9218.0,11635.0,10605.0,9759.0,11397.0,11610.0,11237.0,11280.0,12004.0,11813.0
Inventory,1587.0,801.0,814.0,922.0,1683.0,1618.0,1507.0,1787.0,1710.0,1774.0
Total assets,56977.0,70283.0,63675.0,61627.0,68407.0,67952.0,63171.0,62125.0,58995.0,59023.0
Total liabilities,37614.0,49782.0,42141.0,38977.0,50186.0,46888.0,41962.0,39376.0,39749.0,36405.0
Shareholders' equity,18887.0,20442.0,21387.0,22525.0,18202.0,21069.0,21240.0,22833.0,19330.0,22703.0
"Property and equipment, net",2865.0,3295.0,4006.0,4502.0,4967.0,5121.0,5475.0,5317.0,5414.0,5606.0
Gross margin (%),85.98,83.26,78.07,79.18,81.48,75.82,79.26,76.04,78.26,78.83
Operating margin (%),58.02,54.1,37.06,19.1,16.49,36.32,26.87,28.05,5.78,34.04
EBITDA margin (%),58.6,54.99,38.08,20.23,22.52,43.75,34.65,37.83,15.45,43.45
Net margin (%),44.43,17.73,24.65,23.99,0.5,22.8,16.83,20.89,1.67,28.9
Free cash flow margin (%),53.63,43.31,33.79,37.06,30.45,39.57,30.59,27.37,35.84,32.12
Return on capital (%),45.99,22.65,24.27,20.58,6.25,17.81,14.16,15.45,3.02,22.95
Return on capital employed (%),39.37,26.55,14.68,8.17,7.48,17.5,13.54,14.8,3.4,21.28
Return on equity (%),72.16,23.53,26.08,24.53,0.6,31.7,21.71,25.71,2.28,40.49
Return on assets (%),24.84,7.27,8.14,8.6,0.19,9.13,7.0,9.04,0.79,14.42
Revenue growth (%),-6.89,-14.09,-15.24,1.46,9.98,10.6,-0.09,-0.6,6.04,2.4
Net income growth (%),-25.44,-65.72,17.87,-1.26,-97.72,4960.98,-26.23,23.37,-91.53,1672.92
Diluted EPS growth (%),-16.54,-64.69,18.8,1.2,-97.63,4830.0,-26.17,23.63,-91.56,1684.21
Free cash flow growth (%),-20.5,-30.62,-33.89,11.28,-9.63,43.72,-22.78,-11.06,38.86,-8.24
Net debt to EBITDA (x),0.81,0.56,-0.33,0.05,4.32,1.69,1.99,1.73,3.76,1.35
Debt to equity (x),1.39,1.64,1.28,1.09,1.73,1.27,1.19,1.09,1.38,1.1
Interest coverage (x),18.29,12.63,7.61,4.31,4.14,9.91,7.84,8.06,1.7,9.79
Current ratio (x),2.12,2.74,3.38,3.1,1.4,1.27,1.29,1.43,1.6,1.55
Quick ratio (x),1.95,2.67,3.3,3.01,1.26,1.13,1.15,1.27,1.45,1.4
Free cash flow (US$m),16299.0,11308.0,7476.0,8319.0,7518.0,10805.0,8344.0,7421.0,10305.0,9456.0
Capital expenditure to revenue (%),2.46,2.26,4.18,3.67,2.63,2.12,2.67,2.16,1.82,1.91
Buybacks plus dividends (US$m),13456.0,3685.0,5871.0,4971.0,5032.0,4151.0,5105.0,4809.0,5068.0,5925.0
Shareholder returns to free cash flow (%),82.56,32.59,78.53,59.75,66.93,38.42,61.18,64.8,49.18,62.66
Stock-based compensation to revenue (%),1.25,2.44,3.82,2.83,2.6,2.33,2.33,2.82,2.9,3.04
Change in diluted shares (%),-10.72,-2.87,-0.83,-2.37,-1.1,-0.08,0.0,-0.32,-0.24,0.0
Piotroski F-score (score),5.0,5.0,6.0,8.0,6.0,6.0,8.0,7.0,7.0,8.0
Piotroski tests run (score),9,9,9,9,9,9,9,9,9,9
Altman Z'' (score),4.85,4.55,4.98,4.29,1.91,2.54,2.45,2.79,2.13,3.28
Accruals ratio (%),-6.52,-11.43,-4.4,-6.0,-12.37,-7.57,-6.83,-3.74,-17.09,-2.56
