"Chord Energy Corporation (CHRD), US$ millions unless stated; fiscal years as labelled by the company; source: SEC EDGAR XBRL (Form 10-K), CIK 0001486159"
Item,FY2015,FY2016,FY2017,FY2018,FY2019,FY2021,FY2022,FY2023,FY2024,FY2025
Fiscal year end,2015-12-31,2016-12-31,2017-12-31,2018-12-31,2019-12-31,2021-12-31,2022-12-31,2023-12-31,2024-12-31,2025-12-31
Revenue,,704.7,1293.7,2321.9,1930.8,1579.9,3646.8,3896.6,5251.1,4877.1
Gross profit,,,,,,,,,,
Research and development,,,,,,,,,,
Operating income,-114.2,-130.8,144.0,119.0,-90.2,809.4,1583.8,1273.2,1100.1,197.4
Interest expense,149.6,140.3,146.8,159.1,159.3,30.8,29.3,28.6,56.5,80.1
Pretax income,-56.4,-371.6,-75.9,-25.3,-350.9,188.0,1809.3,1339.0,1112.4,243.5
Income tax,-16.1,-128.5,-203.3,-5.8,-32.7,-1.0,-46.9,315.2,263.8,199.0
Net income,-40.2,-243.0,123.8,-35.3,-128.2,319.6,1856.2,1023.8,848.6,44.5
Diluted EPS,-0.31,-1.32,0.52,-0.11,-0.41,15.48,57.55,23.51,16.02,0.74
Diluted shares,130.2,183.6,237.9,307.5,315.0,20.6,32.3,43.4,52.7,57.9
Depreciation and amortization,485.3,476.3,530.8,636.3,787.2,158.3,369.7,598.6,1107.8,1470.2
Cash from operations,359.8,228.0,507.9,996.4,892.9,914.1,1924.0,1819.9,2097.2,2040.7
Capital expenditure,819.8,426.3,647.3,1149.0,869.2,212.8,531.3,905.7,1179.1,1347.9
Share buybacks,0.0,0.0,0.0,0.0,0.0,100.0,151.9,239.3,444.2,364.9
Dividends paid,0.0,0.0,0.0,0.0,0.0,111.9,654.7,500.3,529.9,317.8
Acquisitions,0.0,781.5,61.9,581.6,21.0,590.1,148.1,361.6,655.0,575.7
Stock-based compensation,25.3,24.1,26.5,29.3,33.6,15.5,61.3,46.1,23.0,25.7
Cash and short-term investments,9.7,11.2,16.7,22.2,20.0,172.1,593.2,318.0,36.9,189.5
Total debt,2302.6,2297.2,2097.6,2735.3,2711.6,392.5,394.2,395.9,842.6,1479.6
Finance lease liabilities,0.0,0.0,0.0,0.0,6.4,1.2,1.8,2.7,5.2,5.7
debt_and_leases,2302.6,2297.2,2097.6,2735.3,2717.9,393.7,396.0,398.6,847.8,1485.2
Current assets,365.3,238.5,415.6,554.2,437.4,1615.4,1482.5,1424.6,1579.1,1538.1
Current liabilities,370.6,381.1,631.3,611.8,602.9,1225.2,1361.3,1165.5,1684.0,1450.6
Inventory,11.1,10.6,19.4,33.1,35.3,29.0,54.4,72.6,94.3,115.7
Total assets,5649.4,6178.6,6622.9,7626.1,7499.3,3026.8,6631.1,6926.1,13032.0,13074.3
Total liabilities,3330.0,3255.5,3109.3,3707.3,3662.2,1805.2,1951.3,1849.5,4329.7,4994.3
Shareholders' equity,2319.3,2923.2,3375.7,3734.6,3636.1,1032.9,4679.8,5076.6,8702.3,8080.0
"Property and equipment, net",5218.2,5919.6,6173.5,7027.1,6977.8,1320.4,4711.3,5314.7,10686.2,11336.5
Gross margin (%),,,,,,,,,,
Operating margin (%),,-18.57,11.13,5.13,-4.67,51.23,43.43,32.67,20.95,4.05
EBITDA margin (%),,49.03,52.16,32.53,36.1,61.25,53.57,48.03,42.05,34.19
Net margin (%),,-34.49,9.57,-1.52,-6.64,20.23,50.9,26.27,16.16,0.91
Free cash flow margin (%),,-28.13,-10.78,-6.57,1.22,44.39,38.19,23.46,17.49,14.2
Return on capital (%),-1.98,-2.1,2.11,1.54,-1.08,,53.45,20.2,11.44,1.05
Return on capital employed (%),-2.2,-2.36,2.44,1.83,-1.3,,44.79,23.08,12.86,1.72
Return on equity (%),-1.92,-9.27,3.93,-0.99,-3.48,,64.98,20.99,12.32,0.53
Return on assets (%),-0.7,-4.11,1.93,-0.5,-1.7,,38.44,15.1,8.5,0.34
Revenue growth (%),,,83.59,79.48,-16.85,,130.82,6.85,34.76,-7.12
Net income growth (%),-107.94,,,-128.51,,,480.77,-44.84,-17.11,-94.76
Diluted EPS growth (%),-106.14,,,-121.15,,,271.77,-59.15,-31.86,-95.38
Free cash flow growth (%),,,,,,,98.58,-34.36,0.43,-24.55
Net debt to EBITDA (x),6.18,6.62,3.08,3.59,3.87,0.23,-0.1,0.04,0.37,0.78
Debt to equity (x),0.99,0.79,0.62,0.73,0.75,0.38,0.08,0.08,0.1,0.18
Interest coverage (x),-0.76,-0.93,0.98,0.75,-0.57,26.28,53.96,44.47,19.46,2.46
Current ratio (x),0.99,0.63,0.66,0.91,0.73,1.32,1.09,1.22,0.94,1.06
Quick ratio (x),0.96,0.6,0.63,0.85,0.67,1.29,1.05,1.16,0.88,0.98
Free cash flow (US$m),-460.03,-198.24,-139.47,-152.54,23.63,701.32,1392.7,914.18,918.15,692.72
Capital expenditure to revenue (%),,60.49,50.04,49.48,45.02,13.47,14.57,23.24,22.45,27.64
Buybacks plus dividends (US$m),0.0,0.0,0.0,0.0,0.0,211.91,806.68,739.64,974.14,682.64
Shareholder returns to free cash flow (%),,,,,0.0,30.22,57.92,80.91,106.1,98.54
Stock-based compensation to revenue (%),,3.42,2.05,1.26,1.74,0.98,1.68,1.18,0.44,0.53
Change in diluted shares (%),29.71,41.04,29.55,29.26,2.45,,56.19,34.56,21.54,9.68
Piotroski F-score (score),,,7.0,4.0,3.0,,,5.0,4.0,4.0
Piotroski tests run (score),,,8,8,8,,,8,8,8
Altman Z'' (score),1.07,0.96,1.47,1.46,1.12,3.64,4.95,5.29,3.2,2.35
Accruals ratio (%),-6.92,-7.96,-6.0,-14.48,-13.5,,-1.41,-11.74,-12.51,-15.29
