"ENTERGY CORP /DE/ (ETR), US$ millions unless stated; fiscal years as labelled by the company; source: SEC EDGAR XBRL (Form 10-K), CIK 0000065984"
Item,FY2016,FY2017,FY2018,FY2019,FY2020,FY2021,FY2022,FY2023,FY2024,FY2025
Fiscal year end,2016-12-31,2017-12-31,2018-12-31,2019-12-31,2020-12-31,2021-12-31,2022-12-31,2023-12-31,2024-12-31,2025-12-31
Revenue,10845.6,11074.5,11009.5,10878.7,10113.6,11742.9,13764.2,12147.4,11879.7,12946.7
Gross profit,,,,,,,,,,
Research and development,,,,,,,,,,
Operating income,-815.2,1360.4,469.4,1390.5,1769.2,1845.6,2050.8,2618.0,2651.1,3202.3
Interest expense,666.4,662.3,707.3,742.4,785.7,834.7,912.2,1006.4,1150.8,1336.7
Pretax income,-1381.8,967.9,-174.3,1088.4,1285.1,1310.1,1058.2,1671.8,1442.2,2271.3
Income tax,-817.3,542.6,-1036.8,-169.8,-121.5,191.4,-39.0,-690.5,381.0,498.0
Net income,-583.6,411.6,848.7,1241.2,1388.3,1118.5,1103.2,2356.5,1061.2,1773.3
Diluted EPS,-1.63,1.14,2.31,3.15,3.45,2.77,2.68,5.55,2.45,3.91
Diluted shares,357.8,361.1,366.8,394.0,402.2,403.7,411.1,424.8,431.6,450.2
Depreciation and amortization,2123.3,2078.6,2040.6,2182.3,2257.8,1990.7,1985.1,2051.7,2233.2,2305.6
Cash from operations,2998.7,2623.5,2385.2,2816.6,2689.9,2300.7,2585.5,4294.3,4488.5,5150.7
Capital expenditure,2780.2,3607.5,3942.0,4197.7,247.1,168.3,5065.1,4440.7,4838.3,7684.9
Share buybacks,0.0,0.0,0.0,0.0,0.0,0.0,0.0,0.0,0.0,0.0
Dividends paid,611.8,628.9,647.7,711.6,748.3,775.1,841.7,918.2,981.7,1074.2
Acquisitions,0.0,0.0,0.0,0.0,0.0,0.0,0.0,0.0,0.0,0.0
Stock-based compensation,,,,,,,,,,
Cash and short-term investments,1187.8,781.3,481.0,425.7,1759.1,442.6,224.2,132.5,859.7,1928.9
Total debt,14832.6,16653.6,18110.7,19820.4,23997.3,27082.1,26760.2,26246.1,28918.9,30934.9
Finance lease liabilities,0.0,0.0,0.0,64.8,64.7,0.0,0.0,88.9,114.8,115.5
debt_and_leases,14832.6,16653.6,18110.7,19885.2,24062.0,27082.1,26760.2,26335.0,29033.7,31050.4
Current assets,3684.3,3285.3,2958.1,3046.0,4559.9,3623.6,4095.0,3660.9,4396.2,5806.9
Current liabilities,3200.1,5036.2,5443.5,5620.5,7060.5,6190.7,6369.4,6396.5,6111.0,7823.0
Inventory,0.0,0.0,0.0,0.0,0.0,0.0,0.0,192.8,166.4,132.0
Total assets,45904.4,46707.1,48275.1,51723.9,58239.2,59454.2,58595.2,59703.4,64790.0,71890.7
Total liabilities,37822.6,38714.6,39430.8,41465.2,47278.1,47748.8,45530.3,44960.3,49605.0,54876.6
Shareholders' equity,8081.8,7992.5,8844.3,10223.7,10926.1,11637.3,12967.0,14622.6,15083.9,16923.1
"Property and equipment, net",233.6,261.0,304.4,332.9,343.3,357.6,366.4,418.5,423.8,481.6
Gross margin (%),,,,,,,,,,
Operating margin (%),-7.52,12.28,4.26,12.78,17.49,15.72,14.9,21.55,22.32,24.73
EBITDA margin (%),12.06,31.05,22.8,32.84,39.82,32.67,29.32,38.44,41.12,42.54
Net margin (%),-5.38,3.72,7.71,11.41,13.73,9.52,8.01,19.4,8.93,13.7
Free cash flow margin (%),2.01,-8.89,-14.14,-12.69,24.15,18.16,-18.02,-1.2,-2.94,-19.57
Return on capital (%),-3.0,2.98,1.47,4.95,5.62,4.4,5.26,6.5,4.63,5.59
Return on capital employed (%),-1.93,3.22,1.11,3.13,3.64,3.53,3.89,4.96,4.73,5.22
Return on equity (%),-6.73,5.12,10.08,13.02,13.13,9.91,8.97,17.08,7.14,11.08
Return on assets (%),-1.29,0.89,1.79,2.48,2.53,1.9,1.87,3.98,1.7,2.59
Revenue growth (%),,2.11,-0.59,-1.19,-7.03,16.11,17.21,-11.75,-2.2,8.98
Net income growth (%),,,106.18,46.26,11.85,-19.44,-1.37,113.62,-54.97,67.11
Diluted EPS growth (%),,,103.07,36.07,9.52,-19.71,-3.25,107.09,-55.86,59.59
Free cash flow growth (%),-72.36,-550.41,,,,-12.7,-216.28,,,
Net debt to EBITDA (x),10.43,4.62,7.02,5.45,5.54,6.94,6.58,5.61,5.77,5.29
Debt to equity (x),1.84,2.08,2.05,1.95,2.2,2.33,2.06,1.8,1.92,1.83
Interest coverage (x),-1.22,2.05,0.66,1.87,2.25,2.21,2.25,2.6,2.3,2.4
Current ratio (x),1.15,0.65,0.54,0.54,0.65,0.59,0.64,0.57,0.72,0.74
Quick ratio (x),1.15,0.65,0.54,0.54,0.65,0.59,0.64,0.54,0.69,0.73
Free cash flow (US$m),218.48,-984.03,-1556.76,-1381.04,2442.74,2132.41,-2479.64,-146.32,-349.83,-2534.27
Capital expenditure to revenue (%),25.63,32.58,35.81,38.59,2.44,1.43,36.8,36.56,40.73,59.36
Buybacks plus dividends (US$m),611.83,628.88,647.7,711.57,748.34,775.12,841.68,918.19,981.66,1074.15
Shareholder returns to free cash flow (%),280.05,,,,30.64,36.35,,,,
Stock-based compensation to revenue (%),,,,,,,,,,
Change in diluted shares (%),-0.16,0.92,1.57,7.43,2.08,0.38,1.82,3.32,1.61,4.3
Piotroski F-score (score),,4.0,4.0,4.0,5.0,4.0,6.0,5.0,4.0,7.0
Piotroski tests run (score),,8,8,8,8,8,8,8,8,8
Altman Z'' (score),0.76,0.72,0.55,0.7,0.72,0.74,0.87,0.99,1.03,1.02
Accruals ratio (%),-7.91,-4.78,-3.24,-3.15,-2.37,-2.01,-2.51,-3.28,-5.51,-4.94
