"ConocoPhillips (COP), US$ millions unless stated; fiscal years as labelled by the company; source: SEC EDGAR XBRL (Form 10-K), CIK 0001163165"
Item,FY2016,FY2017,FY2018,FY2019,FY2020,FY2021,FY2022,FY2023,FY2024,FY2025
Fiscal year end,2016-12-31,2017-12-31,2018-12-31,2019-12-31,2020-12-31,2021-12-31,2022-12-31,2023-12-31,2024-12-31,2025-12-31
Revenue,24360.0,32584.0,38727.0,36670.0,18784.0,45828.0,78494.0,56141.0,54745.0,58944.0
Gross profit,14366.0,20109.0,24433.0,24828.0,10706.0,27670.0,44523.0,34166.0,34733.0,36619.0
Research and development,116.0,100.0,78.0,82.0,75.0,62.0,71.0,81.0,81.0,78.0
Operating income,,,,,,,,,,
Interest expense,1279.0,1114.0,838.0,799.0,788.0,887.0,791.0,824.0,941.0,1176.0
Pretax income,-5530.0,-2615.0,9973.0,9524.0,-3140.0,12712.0,28228.0,16288.0,13672.0,12656.0
Income tax,-1971.0,-1822.0,3668.0,2267.0,-485.0,4633.0,9548.0,5331.0,4427.0,4668.0
Net income,-3615.0,-855.0,6257.0,7189.0,-2701.0,8079.0,18680.0,10957.0,9245.0,7988.0
Diluted EPS,-2.91,-0.7,5.32,6.4,-2.51,6.07,14.57,9.06,7.81,6.35
Diluted shares,1.2,1.2,1.2,1.1,1078.0,1328.2,1278.2,1205.7,1180.9,1253.4
Depreciation and amortization,9062.0,6845.0,5956.0,6090.0,5521.0,7208.0,7504.0,8270.0,9599.0,11500.0
Cash from operations,4403.0,7077.0,12934.0,11104.0,4802.0,16996.0,28314.0,19965.0,20124.0,19796.0
Capital expenditure,4869.0,4591.0,6750.0,6636.0,4715.0,5324.0,10159.0,,,
Share buybacks,126.0,3000.0,2999.0,3500.0,892.0,3623.0,9270.0,5400.0,5463.0,5018.0
Dividends paid,1253.0,1305.0,1363.0,1500.0,1831.0,2359.0,5726.0,5583.0,3646.0,3995.0
Acquisitions,0.0,0.0,0.0,0.0,0.0,8290.0,60.0,2724.0,24.0,0.0
Stock-based compensation,272.0,227.0,265.0,274.0,159.0,304.0,377.0,334.0,268.0,336.0
Cash and short-term investments,3660.0,8198.0,6163.0,8116.0,6600.0,,9243.0,6606.0,6114.0,6981.0
Total debt,26186.0,22435.0,16147.0,14790.0,15369.0,19934.0,16643.0,18937.0,24324.0,23444.0
Finance lease liabilities,0.0,0.0,0.0,720.0,891.0,1261.0,1320.0,1129.0,940.0,801.0
debt_and_leases,26186.0,22435.0,16147.0,14790.0,15369.0,19934.0,16643.0,18937.0,24324.0,23444.0
Current assets,8609.0,16512.0,13274.0,16913.0,12066.0,16050.0,18749.0,14330.0,15647.0,15532.0
Current liabilities,6909.0,9397.0,7395.0,7043.0,5366.0,12021.0,12847.0,10005.0,12124.0,11972.0
Inventory,1018.0,1060.0,1007.0,1026.0,1002.0,1208.0,1219.0,1398.0,1809.0,1873.0
Total assets,89772.0,73362.0,69980.0,70514.0,62618.0,90661.0,93829.0,95924.0,122780.0,121939.0
Total liabilities,54546.0,42561.0,37916.0,35464.0,32769.0,45255.0,45826.0,46645.0,57984.0,57452.0
Shareholders' equity,34974.0,30607.0,31939.0,34981.0,29849.0,45406.0,48003.0,49279.0,64796.0,64487.0
"Property and equipment, net",58331.0,45683.0,45698.0,42269.0,39893.0,64911.0,64866.0,70044.0,94356.0,93239.0
Gross margin (%),58.97,61.71,63.09,67.71,57.0,60.38,56.72,60.86,63.45,62.13
Operating margin (%),,,,,,,,,,
EBITDA margin (%),19.75,16.4,43.3,44.76,16.87,45.4,46.53,45.21,44.23,42.98
Net margin (%),-14.84,-2.62,16.16,19.6,-14.38,17.63,23.8,19.52,16.89,13.55
Free cash flow margin (%),-1.91,7.63,15.97,12.18,0.46,25.47,23.13,,,
Return on capital (%),-5.65,-2.31,15.7,18.78,-4.63,,,19.68,13.67,10.65
Return on capital employed (%),-4.97,-2.04,17.09,16.38,-3.9,20.01,36.36,20.51,14.87,12.54
Return on equity (%),-9.67,-2.61,20.01,21.49,-8.33,21.47,40.0,22.53,16.21,12.36
Return on assets (%),-3.86,-1.05,8.73,10.23,-4.06,10.54,20.25,11.55,8.45,6.53
Revenue growth (%),-21.25,33.76,18.85,-5.31,-48.78,143.97,71.28,-28.48,-2.49,7.67
Net income growth (%),,,,14.9,-137.57,,131.22,-41.34,-15.62,-13.6
Diluted EPS growth (%),,,,20.3,-139.22,,140.03,-37.82,-13.8,-18.69
Free cash flow growth (%),,,148.75,-27.75,-98.05,13316.09,55.54,,,
Net debt to EBITDA (x),4.68,2.66,0.6,0.41,2.77,,0.2,0.49,0.75,0.65
Debt to equity (x),0.75,0.73,0.51,0.42,0.51,0.44,0.35,0.38,0.38,0.36
Interest coverage (x),-3.32,-1.35,12.9,12.92,-2.98,15.33,36.69,20.77,15.53,11.76
Current ratio (x),1.25,1.76,1.79,2.4,2.25,1.34,1.46,1.43,1.29,1.3
Quick ratio (x),1.1,1.64,1.66,2.26,2.06,1.23,1.36,1.29,1.14,1.14
Free cash flow (US$m),-466.0,2486.0,6184.0,4468.0,87.0,11672.0,18155.0,,,
Capital expenditure to revenue (%),19.99,14.09,17.43,18.1,25.1,11.62,12.94,,,
Buybacks plus dividends (US$m),1379.0,4305.0,4362.0,5000.0,2723.0,5982.0,14996.0,10983.0,9109.0,9013.0
Shareholder returns to free cash flow (%),,173.17,70.54,111.91,3129.89,51.25,82.6,,,
Stock-based compensation to revenue (%),1.12,0.7,0.68,0.75,0.85,0.66,0.48,0.59,0.49,0.57
Change in diluted shares (%),0.28,-1.96,-3.73,-4.42,95849.75,23.2,-3.76,-5.67,-2.06,6.15
Piotroski F-score (score),4.0,8.0,9.0,8.0,2.0,6.0,8.0,5.0,5.0,5.0
Piotroski tests run (score),8,9,9,9,9,9,9,9,9,9
Altman Z'' (score),1.63,2.56,4.06,4.78,3.24,3.82,5.43,4.62,3.88,3.97
Accruals ratio (%),-8.56,-9.72,-9.32,-5.57,-11.27,-11.63,-10.44,-9.49,-9.95,-9.65
