"Charter Communications, Inc. (CHTR), US$ millions unless stated; fiscal years as labelled by the company; source: SEC EDGAR XBRL (Form 10-K), CIK 0001091667"
Item,FY2016,FY2017,FY2018,FY2019,FY2020,FY2021,FY2022,FY2023,FY2024,FY2025
Fiscal year end,2016-12-31,2017-12-31,2018-12-31,2019-12-31,2020-12-31,2021-12-31,2022-12-31,2023-12-31,2024-12-31,2025-12-31
Revenue,29003.0,41581.0,43634.0,45764.0,48097.0,51682.0,54022.0,54607.0,55085.0,54774.0
Gross profit,,,,,,,,,,
Research and development,,,,,,,,,,
Operating income,2456.0,4106.0,5221.0,6511.0,8405.0,10526.0,11962.0,12559.0,13118.0,12908.0
Interest expense,2685.0,3421.0,3865.0,3963.0,3866.0,4043.0,4509.0,5020.0,5334.0,4983.0
Pretax income,820.0,1028.0,1686.0,2431.0,4302.0,6388.0,7462.0,6854.0,7502.0,7458.0
Income tax,-2925.0,-9087.0,180.0,439.0,626.0,1068.0,1613.0,1593.0,1649.0,1692.0
Net income,3522.0,9895.0,1230.0,1668.0,3222.0,4654.0,5055.0,4557.0,5083.0,4987.0
Diluted EPS,15.94,34.09,5.22,7.45,15.4,24.47,30.74,29.99,34.97,36.21
Diluted shares,234.8,296.7,235.5,223.8,209.3,193.0,164.4,152.0,145.4,137.7
Depreciation and amortization,6907.0,10588.0,10318.0,9926.0,9704.0,9345.0,8903.0,8696.0,8673.0,8711.0
Cash from operations,8041.0,11954.0,11767.0,11748.0,14562.0,16239.0,14925.0,14433.0,14430.0,16077.0
Capital expenditure,5325.0,8681.0,9125.0,7195.0,7415.0,7635.0,9376.0,11115.0,11269.0,11659.0
Share buybacks,1562.0,11715.0,4399.0,6873.0,11217.0,15431.0,10277.0,3215.0,1213.0,5132.0
Dividends paid,0.0,0.0,0.0,0.0,0.0,0.0,0.0,0.0,0.0,0.0
Acquisitions,0.0,0.0,0.0,0.0,0.0,0.0,0.0,0.0,0.0,0.0
Stock-based compensation,244.0,261.0,285.0,315.0,351.0,430.0,470.0,692.0,651.0,673.0
Cash and short-term investments,1535.0,621.0,551.0,3483.0,1001.0,601.0,645.0,709.0,459.0,477.0
Total debt,61747.0,70231.0,72827.0,79078.0,82752.0,91561.0,97603.0,98202.0,94691.0,95674.0
Finance lease liabilities,0.0,0.0,0.0,62.0,63.0,64.0,0.0,0.0,0.0,0.0
debt_and_leases,61747.0,70231.0,72827.0,79140.0,82815.0,91625.0,97603.0,98202.0,94691.0,95674.0
Current assets,3300.0,2555.0,2730.0,6471.0,3909.0,3566.0,4017.0,4132.0,4233.0,5144.0
Current liabilities,9572.0,11090.0,12095.0,12385.0,9875.0,12458.0,12065.0,13214.0,13486.0,13306.0
Inventory,0.0,0.0,0.0,0.0,0.0,0.0,0.0,0.0,0.0,0.0
Total assets,149067.0,146623.0,146130.0,148188.0,144206.0,142491.0,144523.0,147193.0,150020.0,154213.0
Total liabilities,98701.0,99092.0,101858.0,109377.0,113925.0,124335.0,131974.0,132475.0,130313.0,133694.0
Shareholders' equity,40139.0,39084.0,36285.0,31445.0,23805.0,14050.0,9119.0,11086.0,15587.0,16054.0
"Property and equipment, net",32963.0,33888.0,35126.0,34591.0,34357.0,34310.0,36039.0,39520.0,42913.0,46444.0
Gross margin (%),,,,,,,,,,
Operating margin (%),8.47,9.87,11.97,14.23,17.48,20.37,22.14,23.0,23.81,23.57
EBITDA margin (%),32.28,35.34,35.61,35.92,37.65,38.45,38.62,38.92,39.56,39.47
Net margin (%),12.14,23.8,2.82,3.64,6.7,9.01,9.36,8.35,9.23,9.1
Free cash flow margin (%),9.36,7.87,6.05,9.95,14.86,16.65,10.27,6.08,5.74,8.07
Return on capital (%),3.36,3.61,3.99,4.62,6.34,7.92,8.58,8.7,9.05,8.69
Return on capital employed (%),2.78,2.99,3.87,4.83,6.22,7.96,9.11,9.43,9.7,9.31
Return on equity (%),17.57,24.98,3.26,4.93,11.66,24.59,43.64,45.11,38.11,31.52
Return on assets (%),3.74,6.69,0.84,1.13,2.2,3.25,3.52,3.12,3.42,3.28
Revenue growth (%),197.34,43.37,4.94,4.88,5.1,7.45,4.53,1.08,0.88,-0.56
Net income growth (%),,180.95,-87.57,35.61,93.17,44.44,8.62,-9.85,11.54,-1.89
Diluted EPS growth (%),,113.86,-84.69,42.72,106.71,58.9,25.62,-2.44,16.61,3.55
Free cash flow growth (%),423.31,20.51,-19.28,72.33,56.97,20.39,-35.51,-40.21,-4.73,39.77
Net debt to EBITDA (x),6.43,4.74,4.65,4.6,4.52,4.58,4.65,4.59,4.32,4.4
Debt to equity (x),1.54,1.8,2.01,2.52,3.48,6.52,10.7,8.86,6.07,5.96
Interest coverage (x),0.91,1.2,1.35,1.64,2.17,2.6,2.65,2.5,2.46,2.59
Current ratio (x),0.34,0.23,0.23,0.52,0.4,0.29,0.33,0.31,0.31,0.39
Quick ratio (x),0.34,0.23,0.23,0.52,0.4,0.29,0.33,0.31,0.31,0.39
Free cash flow (US$m),2716.0,3273.0,2642.0,4553.0,7147.0,8604.0,5549.0,3318.0,3161.0,4418.0
Capital expenditure to revenue (%),18.36,20.88,20.91,15.72,15.42,14.77,17.36,20.35,20.46,21.29
Buybacks plus dividends (US$m),1562.0,11715.0,4399.0,6873.0,11217.0,15431.0,10277.0,3215.0,1213.0,5132.0
Shareholder returns to free cash flow (%),57.51,357.93,166.5,150.96,156.95,179.35,185.2,96.9,38.37,116.16
Stock-based compensation to revenue (%),0.84,0.63,0.65,0.69,0.73,0.83,0.87,1.27,1.18,1.23
Change in diluted shares (%),132.12,26.37,-20.62,-4.98,-6.49,-7.76,-14.82,-7.58,-4.34,-5.24
Piotroski F-score (score),7.0,4.0,5.0,7.0,6.0,6.0,7.0,5.0,7.0,6.0
Piotroski tests run (score),8,8,8,8,8,8,8,8,8,8
Altman Z'' (score),0.39,0.4,0.34,0.41,0.28,-0.05,-0.04,0.01,0.17,0.26
Accruals ratio (%),-4.8,-1.39,-7.2,-6.85,-7.76,-8.08,-6.88,-6.77,-6.29,-7.29
