"BJ’S WHOLESALE CLUB HOLDINGS, INC. (BJ), US$ millions unless stated; fiscal years as labelled by the company; source: SEC EDGAR XBRL (Form 10-K), CIK 0001531152"
Item,FY2016,FY2017,FY2018,FY2019,FY2020,FY2021,FY2022,FY2023,FY2024,FY2025
Fiscal year end,2017-01-28,2018-02-03,2019-02-02,2020-02-01,2021-01-30,2022-01-29,2023-01-28,2024-02-03,2025-02-01,2026-01-31
Revenue,12350.5,12754.6,13007.3,13190.7,15430.0,16667.3,19315.2,19968.7,20501.8,21457.3
Gross profit,2127.5,2241.1,2360.9,2426.8,2979.0,3078.7,3431.5,3642.6,3764.4,3999.6
Research and development,,,,,,,,,,
Operating income,216.0,220.3,303.5,352.2,642.4,617.3,738.0,800.4,772.2,816.6
Interest expense,122.2,163.2,128.6,96.7,65.1,45.1,37.5,58.2,42.7,31.9
Pretax income,72.7,23.5,138.9,244.0,558.0,557.9,690.5,735.9,720.8,774.2
Income tax,28.0,-28.4,11.8,56.2,136.8,131.1,176.3,212.2,186.4,195.8
Net income,44.2,50.3,127.3,187.2,421.0,426.7,513.2,523.7,534.4,578.4
Diluted EPS,0.48,0.54,1.05,1.35,3.03,3.09,3.76,3.88,4,4.38
Diluted shares,90.7,92.3,121.1,139.1,138.9,138.0,136.5,135.1,133.6,132.1
Depreciation and amortization,178.3,164.1,162.2,157.0,167.5,180.5,200.9,227.7,262.1,288.6
Cash from operations,297.4,210.1,427.1,355.1,868.5,831.7,788.2,718.9,900.9,1030.1
Capital expenditure,114.8,137.5,145.9,196.9,218.3,323.6,397.8,467.1,588.0,702.0
Share buybacks,1.4,2.0,19.1,67.3,106.2,194.3,172.3,155.2,219.6,286.8
Dividends paid,0.0,735.5,0.0,0.0,0.0,0.0,0.0,0.0,0.0,0.0
Acquisitions,0.0,0.0,0.0,0.0,0.0,0.0,376.5,0.0,0.0,0.0
Stock-based compensation,11.8,9.1,57.7,18.8,32.1,53.8,42.6,39.0,47.8,47.2
Cash and short-term investments,32.0,35.0,27.1,30.2,43.5,45.4,33.9,36.0,28.3,46.2
Total debt,,2712.4,1800.8,1680.7,1106.2,748.6,852.9,717.4,573.8,519.1
Finance lease liabilities,0.0,0.0,0.0,16.2,15.2,16.1,20.5,34.7,28.2,50.0
debt_and_leases,,2712.4,1800.8,1696.9,1121.4,764.6,873.3,752.1,602.0,569.1
Current assets,,1336.6,1337.2,1360.0,1470.6,1517.1,1703.2,1794.0,1879.0,1990.1
Current liabilities,,1469.6,1577.7,1801.4,2031.2,2002.5,2545.3,2468.0,2534.1,2670.2
Inventory,0.0,1019.1,1052.3,1081.5,1205.7,1242.9,1378.6,1454.8,1509.0,1555.5
Total assets,,3273.9,3239.3,5269.8,5411.5,5668.9,6350.0,6677.6,7065.3,7510.5
Total liabilities,,4303.7,3441.4,5324.1,5092.2,5020.8,5303.1,5218.8,5217.9,5312.8
Shareholders' equity,-347.2,-1029.9,-202.1,-54.3,319.3,648.1,1046.8,1458.9,1847.5,2197.7
"Property and equipment, net",,758.8,748.8,760.2,797.8,942.3,1337.0,1578.8,1897.6,2364.6
Gross margin (%),17.23,17.57,18.15,18.4,19.31,18.47,17.77,18.24,18.36,18.64
Operating margin (%),1.75,1.73,2.33,2.67,4.16,3.7,3.82,4.01,3.77,3.81
EBITDA margin (%),3.19,3.01,3.58,3.86,5.25,4.79,4.86,5.15,5.04,5.15
Net margin (%),0.36,0.39,0.98,1.42,2.73,2.56,2.66,2.62,2.61,2.7
Free cash flow margin (%),1.48,0.57,2.16,1.2,4.21,3.05,2.02,1.26,1.53,1.53
Return on capital (%),,,17.25,17.03,32.22,34.16,33.78,28.05,24.91,23.73
Return on capital employed (%),,,17.51,13.73,18.76,17.52,19.76,19.98,17.67,17.43
Return on equity (%),,,,,,88.2,60.55,41.8,32.33,28.6
Return on assets (%),,,3.91,4.4,7.88,7.7,8.54,8.04,7.78,7.94
Revenue growth (%),,3.27,1.98,1.41,16.98,8.02,15.89,3.38,2.67,4.66
Net income growth (%),,13.74,153.0,47.08,124.94,1.34,20.28,2.06,2.04,8.23
Diluted EPS growth (%),,12.5,94.44,28.57,124.44,1.98,21.68,3.19,3.09,9.5
Free cash flow growth (%),,-60.25,287.21,-43.72,310.9,-21.86,-23.17,-35.49,24.26,4.83
Net debt to EBITDA (x),,6.97,3.81,3.27,1.33,0.9,0.89,0.7,0.55,0.47
Debt to equity (x),,,,,3.51,1.18,0.83,0.52,0.33,0.26
Interest coverage (x),1.77,1.35,2.36,3.64,9.87,13.68,19.66,13.75,18.07,25.57
Current ratio (x),,0.91,0.85,0.75,0.72,0.76,0.67,0.73,0.74,0.75
Quick ratio (x),,0.22,0.18,0.15,0.13,0.14,0.13,0.14,0.15,0.16
Free cash flow (US$m),182.67,72.62,281.19,158.24,650.21,508.06,390.36,251.81,312.89,328.01
Capital expenditure to revenue (%),0.93,1.08,1.12,1.49,1.41,1.94,2.06,2.34,2.87,3.27
Buybacks plus dividends (US$m),1.45,737.49,19.13,67.33,106.23,194.34,172.31,155.21,219.66,286.79
Shareholder returns to free cash flow (%),0.79,1015.56,6.8,42.55,16.34,38.25,44.14,61.64,70.2,87.43
Stock-based compensation to revenue (%),0.1,0.07,0.44,0.14,0.21,0.32,0.22,0.2,0.23,0.22
Change in diluted shares (%),,1.68,31.29,14.84,-0.17,-0.6,-1.14,-0.99,-1.12,-1.15
Piotroski F-score (score),,,,7.0,7.0,7.0,6.0,7.0,7.0,8.0
Piotroski tests run (score),,,,9,9,9,9,9,9,9
Altman Z'' (score),,-1.1,-0.84,-0.55,0.01,0.38,0.45,1.01,1.28,1.09
Accruals ratio (%),,,-9.21,-3.95,-8.38,-7.31,-4.58,-3.0,-5.33,-6.2
