"CF INDUSTRIES HOLDINGS, INC. (CF), US$ millions unless stated; fiscal years as labelled by the company; source: SEC EDGAR XBRL (Form 10-K), CIK 0001324404"
Item,FY2016,FY2017,FY2018,FY2019,FY2020,FY2021,FY2022,FY2023,FY2024,FY2025
Fiscal year end,2016-12-31,2017-12-31,2018-12-31,2019-12-31,2020-12-31,2021-12-31,2022-12-31,2023-12-31,2024-12-31,2025-12-31
Revenue,3685.0,4130.0,4429.0,4590.0,4124.0,6538.0,11186.0,6631.0,5936.0,7084.0
Gross profit,843.0,434.0,917.0,1174.0,801.0,2387.0,5861.0,2545.0,2056.0,2724.0
Research and development,,,,,,,,,,
Operating income,138.0,234.0,766.0,1003.0,623.0,1729.0,5397.0,2230.0,1746.0,2300.0
Interest expense,200.0,315.0,241.0,237.0,179.0,184.0,344.0,150.0,121.0,155.0
Pretax income,-226.0,-125.0,547.0,772.0,463.0,1543.0,5095.0,2248.0,1762.0,2239.0
Income tax,-68.0,-575.0,119.0,126.0,31.0,283.0,1158.0,410.0,285.0,441.0
Net income,-277.0,358.0,290.0,493.0,317.0,917.0,3346.0,1525.0,1218.0,1455.0
Diluted EPS,-1.19,1.53,1.24,2.23,1.47,4.24,16.38,7.87,6.74,8.97
Diluted shares,233.1,233.9,233.8,221.6,215.2,216.2,204.2,193.8,180.7,162.2
Depreciation and amortization,678.0,883.0,888.0,875.0,892.0,888.0,850.0,869.0,925.0,898.0
Cash from operations,617.0,1631.0,1497.0,1505.0,1231.0,2873.0,3855.0,2757.0,2271.0,2752.0
Capital expenditure,2211.0,473.0,422.0,404.0,309.0,514.0,453.0,499.0,518.0,950.0
Share buybacks,0.0,0.0,467.0,370.0,100.0,539.0,1347.0,580.0,1509.0,1365.0
Dividends paid,280.0,280.0,280.0,265.0,258.0,260.0,306.0,311.0,364.0,326.0
Acquisitions,0.0,0.0,0.0,0.0,0.0,0.0,0.0,1223.0,2.0,0.0
Stock-based compensation,19.0,17.0,22.0,28.0,25.0,30.0,41.0,37.0,36.0,45.0
Cash and short-term investments,1169.0,835.0,682.0,287.0,683.0,1628.0,2323.0,2032.0,1614.0,1982.0
Total debt,5778.0,4692.0,4698.0,3957.0,3961.0,3465.0,2965.0,2968.0,2971.0,3215.0
Finance lease liabilities,0.0,0.0,0.0,0.0,0.0,0.0,0.0,0.0,0.0,0.0
debt_and_leases,5778.0,4692.0,4698.0,3957.0,3961.0,3465.0,2965.0,2968.0,2971.0,3215.0
Current assets,2655.0,1465.0,1274.0,974.0,1367.0,2593.0,3673.0,3050.0,2520.0,2985.0
Current liabilities,686.0,580.0,705.0,665.0,906.0,1432.0,995.0,800.0,818.0,887.0
Inventory,339.0,275.0,309.0,351.0,287.0,408.0,474.0,299.0,314.0,383.0
Total assets,15131.0,13463.0,12661.0,12172.0,12023.0,12375.0,13313.0,14376.0,13466.0,14088.0
Total liabilities,8639.0,6779.0,6930.0,6535.0,6420.0,6339.0,5460.0,6003.0,5874.0,6313.0
Shareholders' equity,3348.0,3579.0,2958.0,2897.0,2922.0,3206.0,5051.0,5717.0,4985.0,4838.0
"Property and equipment, net",9652.0,9175.0,8623.0,8170.0,7632.0,7081.0,6437.0,7141.0,6735.0,6715.0
Gross margin (%),22.88,10.51,20.7,25.58,19.42,36.51,52.4,38.38,34.64,38.45
Operating margin (%),3.74,5.67,17.3,21.85,15.11,26.45,48.25,33.63,29.41,32.47
EBITDA margin (%),22.14,27.05,37.34,40.92,36.74,40.03,55.85,46.74,45.0,45.14
Net margin (%),-7.52,8.67,6.55,10.74,7.69,14.03,29.91,23.0,20.52,20.54
Free cash flow margin (%),-43.26,28.04,24.27,23.99,22.36,36.08,30.41,34.05,29.53,25.44
Return on capital (%),1.05,1.71,5.91,8.81,6.39,16.85,50.96,20.48,16.03,20.57
Return on capital employed (%),1.07,1.71,6.17,8.55,5.51,15.68,46.4,17.22,13.32,17.8
Return on equity (%),-7.5,10.34,8.87,16.84,10.9,29.93,81.05,28.32,22.76,29.62
Return on assets (%),-1.99,2.5,2.22,3.97,2.62,7.52,26.05,11.02,8.75,10.56
Revenue growth (%),-14.46,12.08,7.24,3.64,-10.15,58.54,71.09,-40.72,-10.48,19.34
Net income growth (%),-139.57,,-18.99,70.0,-35.7,189.27,264.89,-54.42,-20.13,19.46
Diluted EPS growth (%),-140.2,,-18.95,79.84,-34.08,188.44,286.32,-51.95,-14.36,33.09
Free cash flow growth (%),,,-7.17,2.42,-16.26,155.86,44.21,-33.63,-22.36,2.8
Net debt to EBITDA (x),5.65,3.45,2.43,1.95,2.16,0.7,0.1,0.3,0.51,0.39
Debt to equity (x),1.73,1.31,1.59,1.37,1.36,1.08,0.59,0.52,0.6,0.66
Interest coverage (x),0.69,0.74,3.18,4.23,3.48,9.4,15.69,14.87,14.43,14.84
Current ratio (x),3.87,2.53,1.81,1.46,1.51,1.81,3.69,3.81,3.08,3.37
Quick ratio (x),3.38,2.05,1.37,0.94,1.19,1.53,3.22,3.44,2.7,2.93
Free cash flow (US$m),-1594.0,1158.0,1075.0,1101.0,922.0,2359.0,3402.0,2258.0,1753.0,1802.0
Capital expenditure to revenue (%),60.0,11.45,9.53,8.8,7.49,7.86,4.05,7.53,8.73,13.41
Buybacks plus dividends (US$m),280.0,280.0,747.0,635.0,358.0,799.0,1653.0,891.0,1873.0,1691.0
Shareholder returns to free cash flow (%),,24.18,69.49,57.67,38.83,33.87,48.59,39.46,106.85,93.84
Stock-based compensation to revenue (%),0.52,0.41,0.5,0.61,0.61,0.46,0.37,0.56,0.61,0.64
Change in diluted shares (%),-1.27,0.34,-0.04,-5.22,-2.89,0.46,-5.55,-5.09,-6.76,-10.24
Piotroski F-score (score),5.0,5.0,6.0,8.0,5.0,8.0,9.0,6.0,5.0,8.0
Piotroski tests run (score),9,9,9,9,9,9,9,9,9,9
Altman Z'' (score),2.21,2.17,2.2,2.15,2.04,3.1,6.5,4.56,4.03,4.26
Accruals ratio (%),-6.43,-8.9,-9.24,-8.15,-7.56,-16.03,-3.96,-8.9,-7.56,-9.41
