"PROGRESSIVE CORP/OH/ (PGR), US$ millions unless stated; fiscal years as labelled by the company; source: SEC EDGAR XBRL (Form 10-K), CIK 0000080661"
Item,FY2016,FY2017,FY2018,FY2019,FY2020,FY2021,FY2022,FY2023,FY2024,FY2025
Fiscal year end,2016-12-31,2017-12-31,2018-12-31,2019-12-31,2020-12-31,2021-12-31,2022-12-31,2023-12-31,2024-12-31,2025-12-31
Revenue,23441.4,26839.0,31979.0,39022.3,42658.1,47702.0,49611.0,62109.0,75372.0,87671.0
Gross profit,,,,,,,,,,
Research and development,,,,,,,,,,
Operating income,,,,,,,,,,
Interest expense,140.9,153.1,166.5,189.7,217.0,218.6,244.0,268.0,279.0,278.0
Pretax income,1470.7,2138.9,3163.6,5160.3,7173.2,4210.0,922.0,4904.0,10713.0,14223.0
Income tax,413.5,540.8,542.6,1180.3,1468.6,859.1,200.0,1001.0,2233.0,2915.0
Net income,1031.0,1592.2,2615.3,3970.3,5704.6,3350.9,722.0,3903.0,8480.0,11308.0
Diluted EPS,1.76,2.72,4.42,6.72,9.66,5.66,1.18,6.58,14.4,19.23
Diluted shares,585.0,585.7,586.7,587.2,587.6,587.1,587.1,587.5,587.7,588.1
Depreciation and amortization,199.5,236.1,262.4,306.1,331.8,337.4,337.0,299.2,284.0,313.0
Cash from operations,2732.7,3756.8,6284.8,6261.6,6905.6,7761.7,6849.0,10643.0,15119.0,17548.0
Capital expenditure,215.0,155.7,266.0,363.5,223.5,243.5,292.0,252.0,285.0,348.0
Share buybacks,192.5,0.0,0.0,0.0,0.0,0.0,0.0,0.0,0.0,0.0
Dividends paid,519.0,395.4,654.9,1643.2,1551.0,3746.5,234.0,234.0,674.0,2871.0
Acquisitions,0.0,18.1,0.0,0.0,0.0,313.2,0.0,0.0,0.0,0.0
Stock-based compensation,,,,,,,,121.0,122.0,132.0
Cash and short-term investments,3799.3,3144.7,1870.9,2026.2,5295.0,1144.6,3082.7,1890.0,769.0,10143.0
Total debt,3148.2,3306.3,4404.9,4407.1,5396.1,4898.8,6388.3,6889.0,6893.0,6897.0
Finance lease liabilities,0.0,0.0,0.0,0.0,0.0,0.0,0.0,0.0,0.0,0.0
debt_and_leases,3148.2,3306.3,4404.9,4407.1,5396.1,4898.8,6388.3,6889.0,6893.0,6897.0
Current assets,,,,,,,,,,
Current liabilities,,,,,,,,,,
Inventory,0.0,0.0,0.0,0.0,0.0,0.0,0.0,0.0,0.0,0.0
Total assets,33427.5,38701.2,46575.0,54910.5,64098.3,71132.3,75465.0,88691.0,105745.0,123039.0
Total liabilities,24986.7,28912.7,35538.7,41011.7,47059.7,52900.7,59574.0,68414.0,80154.0,92716.0
Shareholders' equity,7957.1,9284.8,10821.8,13673.2,17038.6,18231.6,15891.0,20277.0,25591.0,30323.0
"Property and equipment, net",1177.1,1119.6,1131.7,1213.7,1106.0,1137.3,1034.0,881.0,790.0,783.0
Gross margin (%),,,,,,,,,,
Operating margin (%),,,,,,,,,,
EBITDA margin (%),7.73,9.42,11.23,14.49,18.1,9.99,3.03,8.81,14.96,16.9
Net margin (%),4.4,5.93,8.18,10.17,13.37,7.02,1.46,6.28,11.25,12.9
Free cash flow margin (%),10.74,13.42,18.82,15.11,15.66,15.76,13.22,16.73,19.68,19.62
Return on capital (%),15.54,20.44,24.2,28.06,35.41,18.02,4.43,18.51,30.53,39.22
Return on capital employed (%),,,,,,,,,,
Return on equity (%),13.52,18.47,26.01,32.42,37.15,19.0,4.23,21.58,36.98,40.45
Return on assets (%),3.26,4.41,6.13,7.82,9.59,4.96,0.99,4.76,8.72,9.89
Revenue growth (%),12.41,14.49,19.15,22.02,9.32,11.82,4.0,25.19,21.35,16.32
Net income growth (%),-18.67,54.43,64.26,51.81,43.68,-41.26,-78.45,440.58,117.27,33.35
Diluted EPS growth (%),-18.14,54.55,62.5,52.04,43.75,-41.41,-79.15,457.63,118.84,33.54
Free cash flow growth (%),16.44,43.03,67.14,-2.01,13.29,12.51,-12.78,58.47,42.76,15.95
Net debt to EBITDA (x),-0.36,0.06,0.71,0.42,0.01,0.79,2.2,0.91,0.54,-0.22
Debt to equity (x),0.4,0.36,0.41,0.32,0.32,0.27,0.4,0.34,0.27,0.23
Interest coverage (x),11.44,14.97,20.0,28.2,34.06,20.26,4.78,19.3,39.4,52.16
Current ratio (x),,,,,,,,,,
Quick ratio (x),,,,,,,,,,
Free cash flow (US$m),2517.7,3601.1,6018.8,5898.1,6682.1,7518.2,6557.0,10391.0,14834.0,17200.0
Capital expenditure to revenue (%),0.92,0.58,0.83,0.93,0.52,0.51,0.59,0.41,0.38,0.4
Buybacks plus dividends (US$m),711.5,395.4,654.9,1643.2,1551.0,3746.5,234.0,234.0,674.0,2871.0
Shareholder returns to free cash flow (%),28.26,10.98,10.88,27.86,23.21,49.83,3.57,2.25,4.54,16.69
Stock-based compensation to revenue (%),,,,,,,,0.19,0.16,0.15
Change in diluted shares (%),-0.71,0.12,0.17,0.09,0.07,-0.09,0.0,0.07,0.03,0.07
Piotroski F-score (score),,,,,,,,,,
Piotroski tests run (score),,,,,,,,,,
Altman Z'' (score),,,,,,,,,,
Accruals ratio (%),-5.38,-6.0,-8.61,-4.52,-2.02,-6.52,-8.36,-8.21,-6.83,-5.45
